[2m2026-02-03T22:01:25.971561Z[0m [32m INFO[0m [2mtermbrain_daemon[0m[2m:[0m Starting TermBrain Daemon...
[2m2026-02-03T22:01:25.975305Z[0m [32m INFO[0m [2mtb_ipc::server[0m[2m:[0m IPC Server listening on 127.0.0.1:9000
[2m2026-02-04T05:49:57.161255Z[0m [33m WARN[0m [2mtb_provider_market[0m[2m:[0m Binance API failed: timeout. Using random walker stub.
[2m2026-02-04T06:06:24.332544Z[0m [31mERROR[0m [2mtb_provider_market[0m[2m:[0m Quote fetch error for BTCUSDT: error returned from database: (code: 1032) attempt to write a readonly database
[2m2026-02-04T06:06:24.371372Z[0m [31mERROR[0m [2mtb_provider_market[0m[2m:[0m Bars fetch error for BTCUSDT: error returned from database: (code: 1032) attempt to write a readonly database
[2m2026-02-04T06:06:24.408175Z[0m [31mERROR[0m [2mtb_provider_market[0m[2m:[0m Quote fetch error for ETHUSDT: error returned from database: (code: 1032) attempt to write a readonly database
[2m2026-02-04T06:06:24.447957Z[0m [31mERROR[0m [2mtb_provider_market[0m[2m:[0m Bars fetch error for ETHUSDT: error returned from database: (code: 1032) attempt to write a readonly database
[2m2026-02-04T06:06:24.485028Z[0m [31mERROR[0m [2mtb_provider_market[0m[2m:[0m Quote fetch error for SOLUSDT: error returned from database: (code: 1032) attempt to write a readonly database
[2m2026-02-04T06:06:24.523408Z[0m [31mERROR[0m [2mtb_provider_market[0m[2m:[0m Bars fetch error for SOLUSDT: error returned from database: (code: 1032) attempt to write a readonly database
[2m2026-02-04T06:06:29.561304Z[0m [31mERROR[0m [2mtb_provider_market[0m[2m:[0m Quote fetch error for BTCUSDT: error returned from database: (code: 1032) attempt to write a readonly database
[2m2026-02-04T06:06:29.599977Z[0m [31mERROR[0m [2mtb_provider_market[0m[2m:[0m Bars fetch error for BTCUSDT: error returned from database: (code: 1032) attempt to write a readonly database
[2m2026-02-04T06:06:29.636180Z[0m [31mERROR[0m [2mtb_provider_market[0m[2m:[0m Quote fetch error for ETHUSDT: error returned from database: (code: 1032) attempt to write a readonly database
[2m2026-02-04T06:06:29.674170Z[0m [31mERROR[0m [2mtb_provider_market[0m[2m:[0m Bars fetch error for ETHUSDT: error returned from database: (code: 1032) attempt to write a readonly database
[2m2026-02-04T06:06:29.710722Z[0m [31mERROR[0m [2mtb_provider_market[0m[2m:[0m Quote fetch error for SOLUSDT: error returned from database: (code: 1032) attempt to write a readonly database
[2m2026-02-04T06:06:29.749508Z[0m [31mERROR[0m [2mtb_provider_market[0m[2m:[0m Bars fetch error for SOLUSDT: error returned from database: (code: 1032) attempt to write a readonly database
[2m2026-02-04T06:06:34.788415Z[0m [31mERROR[0m [2mtb_provider_market[0m[2m:[0m Quote fetch error for BTCUSDT: error returned from database: (code: 1032) attempt to write a readonly database
[2m2026-02-04T06:06:34.827562Z[0m [31mERROR[0m [2mtb_provider_market[0m[2m:[0m Bars fetch error for BTCUSDT: error returned from database: (code: 1032) attempt to write a readonly database
[2m2026-02-04T06:06:34.864851Z[0m [31mERROR[0m [2mtb_provider_market[0m[2m:[0m Quote fetch error for ETHUSDT: error returned from database: (code: 1032) attempt to write a readonly database
[2m2026-02-04T06:06:34.904006Z[0m [31mERROR[0m [2mtb_provider_market[0m[2m:[0m Bars fetch error for ETHUSDT: error returned from database: (code: 1032) attempt to write a readonly database
[2m2026-02-04T06:06:34.940462Z[0m [31mERROR[0m [2mtb_provider_market[0m[2m:[0m Quote fetch error for SOLUSDT: error returned from database: (code: 1032) attempt to write a readonly database
[2m2026-02-04T06:06:34.979441Z[0m [31mERROR[0m [2mtb_provider_market[0m[2m:[0m Bars fetch error for SOLUSDT: error returned from database: (code: 1032) attempt to write a readonly database
[2m2026-02-04T06:06:40.017190Z[0m [31mERROR[0m [2mtb_provider_market[0m[2m:[0m Quote fetch error for BTCUSDT: error returned from database: (code: 1032) attempt to write a readonly database
[2m2026-02-04T06:06:40.056695Z[0m [31mERROR[0m [2mtb_provider_market[0m[2m:[0m Bars fetch error for BTCUSDT: error returned from database: (code: 1032) attempt to write a readonly database
[2m2026-02-04T06:06:40.093905Z[0m [31mERROR[0m [2mtb_provider_market[0m[2m:[0m Quote fetch error for ETHUSDT: error returned from database: (code: 1032) attempt to write a readonly database
[2m2026-02-04T06:06:40.134402Z[0m [31mERROR[0m [2mtb_provider_market[0m[2m:[0m Bars fetch error for ETHUSDT: error returned from database: (code: 1032) attempt to write a readonly database
[2m2026-02-04T06:06:40.171250Z[0m [31mERROR[0m [2mtb_provider_market[0m[2m:[0m Quote fetch error for SOLUSDT: error returned from database: (code: 1032) attempt to write a readonly database
[2m2026-02-04T06:06:40.210376Z[0m [31mERROR[0m [2mtb_provider_market[0m[2m:[0m Bars fetch error for SOLUSDT: error returned from database: (code: 1032) attempt to write a readonly database
[2m2026-02-04T06:06:45.248589Z[0m [31mERROR[0m [2mtb_provider_market[0m[2m:[0m Quote fetch error for BTCUSDT: error returned from database: (code: 1032) attempt to write a readonly database
[2m2026-02-04T06:06:45.288299Z[0m [31mERROR[0m [2mtb_provider_market[0m[2m:[0m Bars fetch error for BTCUSDT: error returned from database: (code: 1032) attempt to write a readonly database
[2m2026-02-04T06:06:45.325155Z[0m [31mERROR[0m [2mtb_provider_market[0m[2m:[0m Quote fetch error for ETHUSDT: error returned from database: (code: 1032) attempt to write a readonly database
[2m2026-02-04T06:06:45.363455Z[0m [31mERROR[0m [2mtb_provider_market[0m[2m:[0m Bars fetch error for ETHUSDT: error returned from database: (code: 1032) attempt to write a readonly database
[2m2026-02-04T06:06:45.400497Z[0m [31mERROR[0m [2mtb_provider_market[0m[2m:[0m Quote fetch error for SOLUSDT: error returned from database: (code: 1032) attempt to write a readonly database
[2m2026-02-04T06:06:45.439623Z[0m [31mERROR[0m [2mtb_provider_market[0m[2m:[0m Bars fetch error for SOLUSDT: error returned from database: (code: 1032) attempt to write a readonly database
[2m2026-02-04T06:06:50.477464Z[0m [31mERROR[0m [2mtb_provider_market[0m[2m:[0m Quote fetch error for BTCUSDT: error returned from database: (code: 1032) attempt to write a readonly database
[2m2026-02-04T06:06:50.516583Z[0m [31mERROR[0m [2mtb_provider_market[0m[2m:[0m Bars fetch error for BTCUSDT: error returned from database: (code: 1032) attempt to write a readonly database
[2m2026-02-04T06:06:50.553472Z[0m [31mERROR[0m [2mtb_provider_market[0m[2m:[0m Quote fetch error for ETHUSDT: error returned from database: (code: 1032) attempt to write a readonly database
[2m2026-02-04T06:06:50.591820Z[0m [31mERROR[0m [2mtb_provider_market[0m[2m:[0m Bars fetch error for ETHUSDT: error returned from database: (code: 1032) attempt to write a readonly database
[2m2026-02-04T06:06:50.628211Z[0m [31mERROR[0m [2mtb_provider_market[0m[2m:[0m Quote fetch error for SOLUSDT: error returned from database: (code: 1032) attempt to write a readonly database
[2m2026-02-04T06:06:50.667052Z[0m [31mERROR[0m [2mtb_provider_market[0m[2m:[0m Bars fetch error for SOLUSDT: error returned from database: (code: 1032) attempt to write a readonly database
[2m2026-02-04T06:06:55.705208Z[0m [31mERROR[0m [2mtb_provider_market[0m[2m:[0m Quote fetch error for BTCUSDT: error returned from database: (code: 1032) attempt to write a readonly database
[2m2026-02-04T06:06:55.744794Z[0m [31mERROR[0m [2mtb_provider_market[0m[2m:[0m Bars fetch error for BTCUSDT: error returned from database: (code: 1032) attempt to write a readonly database
[2m2026-02-04T06:06:55.781914Z[0m [31mERROR[0m [2mtb_provider_market[0m[2m:[0m Quote fetch error for ETHUSDT: error returned from database: (code: 1032) attempt to write a readonly database
[2m2026-02-04T06:06:55.820939Z[0m [31mERROR[0m [2mtb_provider_market[0m[2m:[0m Bars fetch error for ETHUSDT: error returned from database: (code: 1032) attempt to write a readonly database
[2m2026-02-04T06:06:55.857286Z[0m [31mERROR[0m [2mtb_provider_market[0m[2m:[0m Quote fetch error for SOLUSDT: error returned from database: (code: 1032) attempt to write a readonly database
[2m2026-02-04T06:06:55.895740Z[0m [31mERROR[0m [2mtb_provider_market[0m[2m:[0m Bars fetch error for SOLUSDT: error returned from database: (code: 1032) attempt to write a readonly database
[2m2026-02-04T06:07:00.937056Z[0m [31mERROR[0m [2mtb_provider_market[0m[2m:[0m Quote fetch error for BTCUSDT: error returned from database: (code: 1032) attempt to write a readonly database
[2m2026-02-04T06:07:00.979083Z[0m [31mERROR[0m [2mtb_provider_market[0m[2m:[0m Bars fetch error for BTCUSDT: error returned from database: (code: 1032) attempt to write a readonly database
[2m2026-02-04T06:07:01.018190Z[0m [31mERROR[0m [2mtb_provider_market[0m[2m:[0m Quote fetch error for ETHUSDT: error returned from database: (code: 1032) attempt to write a readonly database
[2m2026-02-04T06:07:01.058301Z[0m [31mERROR[0m [2mtb_provider_market[0m[2m:[0m Bars fetch error for ETHUSDT: error returned from database: (code: 1032) attempt to write a readonly database
[2m2026-02-04T06:07:01.095646Z[0m [31mERROR[0m [2mtb_provider_market[0m[2m:[0m Quote fetch error for SOLUSDT: error returned from database: (code: 1032) attempt to write a readonly database
[2m2026-02-04T06:07:01.135661Z[0m [31mERROR[0m [2mtb_provider_market[0m[2m:[0m Bars fetch error for SOLUSDT: error returned from database: (code: 1032) attempt to write a readonly database
[2m2026-02-04T06:07:06.174922Z[0m [31mERROR[0m [2mtb_provider_market[0m[2m:[0m Quote fetch error for BTCUSDT: error returned from database: (code: 1032) attempt to write a readonly database
[2m2026-02-04T06:07:06.213548Z[0m [31mERROR[0m [2mtb_provider_market[0m[2m:[0m Bars fetch error for BTCUSDT: error returned from database: (code: 1032) attempt to write a readonly database
[2m2026-02-04T06:07:06.251242Z[0m [31mERROR[0m [2mtb_provider_market[0m[2m:[0m Quote fetch error for ETHUSDT: error returned from database: (code: 1032) attempt to write a readonly database
[2m2026-02-04T06:07:06.290220Z[0m [31mERROR[0m [2mtb_provider_market[0m[2m:[0m Bars fetch error for ETHUSDT: error returned from database: (code: 1032) attempt to write a readonly database
[2m2026-02-04T06:07:06.327024Z[0m [31mERROR[0m [2mtb_provider_market[0m[2m:[0m Quote fetch error for SOLUSDT: error returned from database: (code: 1032) attempt to write a readonly database
[2m2026-02-04T06:07:06.365782Z[0m [31mERROR[0m [2mtb_provider_market[0m[2m:[0m Bars fetch error for SOLUSDT: error returned from database: (code: 1032) attempt to write a readonly database
[2m2026-02-04T06:07:11.403685Z[0m [31mERROR[0m [2mtb_provider_market[0m[2m:[0m Quote fetch error for BTCUSDT: error returned from database: (code: 1032) attempt to write a readonly database
[2m2026-02-04T06:07:11.442021Z[0m [31mERROR[0m [2mtb_provider_market[0m[2m:[0m Bars fetch error for BTCUSDT: error returned from database: (code: 1032) attempt to write a readonly database
[2m2026-02-04T06:07:11.478319Z[0m [31mERROR[0m [2mtb_provider_market[0m[2m:[0m Quote fetch error for ETHUSDT: error returned from database: (code: 1032) attempt to write a readonly database
[2m2026-02-04T06:07:11.516936Z[0m [31mERROR[0m [2mtb_provider_market[0m[2m:[0m Bars fetch error for ETHUSDT: error returned from database: (code: 1032) attempt to write a readonly database
[2m2026-02-04T06:07:11.555083Z[0m [31mERROR[0m [2mtb_provider_market[0m[2m:[0m Quote fetch error for SOLUSDT: error returned from database: (code: 1032) attempt to write a readonly database
[2m2026-02-04T06:07:11.593357Z[0m [31mERROR[0m [2mtb_provider_market[0m[2m:[0m Bars fetch error for SOLUSDT: error returned from database: (code: 1032) attempt to write a readonly database
[2m2026-02-04T06:07:16.631316Z[0m [31mERROR[0m [2mtb_provider_market[0m[2m:[0m Quote fetch error for BTCUSDT: error returned from database: (code: 1032) attempt to write a readonly database
[2m2026-02-04T06:07:16.670485Z[0m [31mERROR[0m [2mtb_provider_market[0m[2m:[0m Bars fetch error for BTCUSDT: error returned from database: (code: 1032) attempt to write a readonly database
[2m2026-02-04T06:07:16.706918Z[0m [31mERROR[0m [2mtb_provider_market[0m[2m:[0m Quote fetch error for ETHUSDT: error returned from database: (code: 1032) attempt to write a readonly database
[2m2026-02-04T06:07:16.745755Z[0m [31mERROR[0m [2mtb_provider_market[0m[2m:[0m Bars fetch error for ETHUSDT: error returned from database: (code: 1032) attempt to write a readonly database
[2m2026-02-04T06:07:16.783116Z[0m [31mERROR[0m [2mtb_provider_market[0m[2m:[0m Quote fetch error for SOLUSDT: error returned from database: (code: 1032) attempt to write a readonly database
[2m2026-02-04T06:07:16.821610Z[0m [31mERROR[0m [2mtb_provider_market[0m[2m:[0m Bars fetch error for SOLUSDT: error returned from database: (code: 1032) attempt to write a readonly database
[2m2026-02-04T06:07:21.859711Z[0m [31mERROR[0m [2mtb_provider_market[0m[2m:[0m Quote fetch error for BTCUSDT: error returned from database: (code: 1032) attempt to write a readonly database
[2m2026-02-04T06:07:21.899131Z[0m [31mERROR[0m [2mtb_provider_market[0m[2m:[0m Bars fetch error for BTCUSDT: error returned from database: (code: 1032) attempt to write a readonly database
[2m2026-02-04T06:07:21.935862Z[0m [31mERROR[0m [2mtb_provider_market[0m[2m:[0m Quote fetch error for ETHUSDT: error returned from database: (code: 1032) attempt to write a readonly database
[2m2026-02-04T06:07:21.974213Z[0m [31mERROR[0m [2mtb_provider_market[0m[2m:[0m Bars fetch error for ETHUSDT: error returned from database: (code: 1032) attempt to write a readonly database
[2m2026-02-04T06:07:22.010983Z[0m [31mERROR[0m [2mtb_provider_market[0m[2m:[0m Quote fetch error for SOLUSDT: error returned from database: (code: 1032) attempt to write a readonly database
[2m2026-02-04T06:07:22.049223Z[0m [31mERROR[0m [2mtb_provider_market[0m[2m:[0m Bars fetch error for SOLUSDT: error returned from database: (code: 1032) attempt to write a readonly database
[2m2026-02-04T06:07:27.088244Z[0m [31mERROR[0m [2mtb_provider_market[0m[2m:[0m Quote fetch error for BTCUSDT: error returned from database: (code: 1032) attempt to write a readonly database
[2m2026-02-04T06:07:27.127617Z[0m [31mERROR[0m [2mtb_provider_market[0m[2m:[0m Bars fetch error for BTCUSDT: error returned from database: (code: 1032) attempt to write a readonly database
[2m2026-02-04T06:07:27.165125Z[0m [31mERROR[0m [2mtb_provider_market[0m[2m:[0m Quote fetch error for ETHUSDT: error returned from database: (code: 1032) attempt to write a readonly database
[2m2026-02-04T06:07:27.204009Z[0m [31mERROR[0m [2mtb_provider_market[0m[2m:[0m Bars fetch error for ETHUSDT: error returned from database: (code: 1032) attempt to write a readonly database
[2m2026-02-04T06:07:27.240750Z[0m [31mERROR[0m [2mtb_provider_market[0m[2m:[0m Quote fetch error for SOLUSDT: error returned from database: (code: 1032) attempt to write a readonly database
[2m2026-02-04T06:07:27.279253Z[0m [31mERROR[0m [2mtb_provider_market[0m[2m:[0m Bars fetch error for SOLUSDT: error returned from database: (code: 1032) attempt to write a readonly database
[2m2026-02-04T06:07:32.317731Z[0m [31mERROR[0m [2mtb_provider_market[0m[2m:[0m Quote fetch error for BTCUSDT: error returned from database: (code: 1032) attempt to write a readonly database
[2m2026-02-04T06:07:32.356613Z[0m [31mERROR[0m [2mtb_provider_market[0m[2m:[0m Bars fetch error for BTCUSDT: error returned from database: (code: 1032) attempt to write a readonly database
[2m2026-02-04T06:07:32.393592Z[0m [31mERROR[0m [2mtb_provider_market[0m[2m:[0m Quote fetch error for ETHUSDT: error returned from database: (code: 1032) attempt to write a readonly database
[2m2026-02-04T06:07:32.431944Z[0m [31mERROR[0m [2mtb_provider_market[0m[2m:[0m Bars fetch error for ETHUSDT: error returned from database: (code: 1032) attempt to write a readonly database
[2m2026-02-04T06:07:32.468680Z[0m [31mERROR[0m [2mtb_provider_market[0m[2m:[0m Quote fetch error for SOLUSDT: error returned from database: (code: 1032) attempt to write a readonly database
[2m2026-02-04T06:07:32.507194Z[0m [31mERROR[0m [2mtb_provider_market[0m[2m:[0m Bars fetch error for SOLUSDT: error returned from database: (code: 1032) attempt to write a readonly database
[2m2026-02-04T06:07:37.545888Z[0m [31mERROR[0m [2mtb_provider_market[0m[2m:[0m Quote fetch error for BTCUSDT: error returned from database: (code: 1032) attempt to write a readonly database
[2m2026-02-04T06:07:37.584690Z[0m [31mERROR[0m [2mtb_provider_market[0m[2m:[0m Bars fetch error for BTCUSDT: error returned from database: (code: 1032) attempt to write a readonly database
[2m2026-02-04T06:07:37.620789Z[0m [31mERROR[0m [2mtb_provider_market[0m[2m:[0m Quote fetch error for ETHUSDT: error returned from database: (code: 1032) attempt to write a readonly database
[2m2026-02-04T06:07:37.659028Z[0m [31mERROR[0m [2mtb_provider_market[0m[2m:[0m Bars fetch error for ETHUSDT: error returned from database: (code: 1032) attempt to write a readonly database
[2m2026-02-04T06:07:37.695713Z[0m [31mERROR[0m [2mtb_provider_market[0m[2m:[0m Quote fetch error for SOLUSDT: error returned from database: (code: 1032) attempt to write a readonly database
[2m2026-02-04T06:07:37.734282Z[0m [31mERROR[0m [2mtb_provider_market[0m[2m:[0m Bars fetch error for SOLUSDT: error returned from database: (code: 1032) attempt to write a readonly database
[2m2026-02-04T06:07:42.772032Z[0m [31mERROR[0m [2mtb_provider_market[0m[2m:[0m Quote fetch error for BTCUSDT: error returned from database: (code: 1032) attempt to write a readonly database
[2m2026-02-04T06:07:42.811343Z[0m [31mERROR[0m [2mtb_provider_market[0m[2m:[0m Bars fetch error for BTCUSDT: error returned from database: (code: 1032) attempt to write a readonly database
[2m2026-02-04T06:07:42.848099Z[0m [31mERROR[0m [2mtb_provider_market[0m[2m:[0m Quote fetch error for ETHUSDT: error returned from database: (code: 1032) attempt to write a readonly database
[2m2026-02-04T06:07:42.887138Z[0m [31mERROR[0m [2mtb_provider_market[0m[2m:[0m Bars fetch error for ETHUSDT: error returned from database: (code: 1032) attempt to write a readonly database
[2m2026-02-04T06:07:42.923666Z[0m [31mERROR[0m [2mtb_provider_market[0m[2m:[0m Quote fetch error for SOLUSDT: error returned from database: (code: 1032) attempt to write a readonly database
[2m2026-02-04T06:07:42.962356Z[0m [31mERROR[0m [2mtb_provider_market[0m[2m:[0m Bars fetch error for SOLUSDT: error returned from database: (code: 1032) attempt to write a readonly database
[2m2026-02-04T06:07:48.000530Z[0m [31mERROR[0m [2mtb_provider_market[0m[2m:[0m Quote fetch error for BTCUSDT: error returned from database: (code: 1032) attempt to write a readonly database
[2m2026-02-04T06:07:48.039312Z[0m [31mERROR[0m [2mtb_provider_market[0m[2m:[0m Bars fetch error for BTCUSDT: error returned from database: (code: 1032) attempt to write a readonly database
[2m2026-02-04T06:07:48.076422Z[0m [31mERROR[0m [2mtb_provider_market[0m[2m:[0m Quote fetch error for ETHUSDT: error returned from database: (code: 1032) attempt to write a readonly database
[2m2026-02-04T06:07:48.116347Z[0m [31mERROR[0m [2mtb_provider_market[0m[2m:[0m Bars fetch error for ETHUSDT: error returned from database: (code: 1032) attempt to write a readonly database
[2m2026-02-04T06:07:48.153196Z[0m [31mERROR[0m [2mtb_provider_market[0m[2m:[0m Quote fetch error for SOLUSDT: error returned from database: (code: 1032) attempt to write a readonly database
[2m2026-02-04T06:07:48.192516Z[0m [31mERROR[0m [2mtb_provider_market[0m[2m:[0m Bars fetch error for SOLUSDT: error returned from database: (code: 1032) attempt to write a readonly database
[2m2026-02-04T06:07:53.231064Z[0m [31mERROR[0m [2mtb_provider_market[0m[2m:[0m Quote fetch error for BTCUSDT: error returned from database: (code: 1032) attempt to write a readonly database
[2m2026-02-04T06:07:53.271667Z[0m [31mERROR[0m [2mtb_provider_market[0m[2m:[0m Bars fetch error for BTCUSDT: error returned from database: (code: 1032) attempt to write a readonly database
[2m2026-02-04T06:07:53.308433Z[0m [31mERROR[0m [2mtb_provider_market[0m[2m:[0m Quote fetch error for ETHUSDT: error returned from database: (code: 1032) attempt to write a readonly database
[2m2026-02-04T06:07:53.347272Z[0m [31mERROR[0m [2mtb_provider_market[0m[2m:[0m Bars fetch error for ETHUSDT: error returned from database: (code: 1032) attempt to write a readonly database
[2m2026-02-04T06:07:53.383804Z[0m [31mERROR[0m [2mtb_provider_market[0m[2m:[0m Quote fetch error for SOLUSDT: error returned from database: (code: 1032) attempt to write a readonly database
[2m2026-02-04T06:07:53.422571Z[0m [31mERROR[0m [2mtb_provider_market[0m[2m:[0m Bars fetch error for SOLUSDT: error returned from database: (code: 1032) attempt to write a readonly database
[2m2026-02-04T06:07:58.461142Z[0m [31mERROR[0m [2mtb_provider_market[0m[2m:[0m Quote fetch error for BTCUSDT: error returned from database: (code: 1032) attempt to write a readonly database
[2m2026-02-04T06:07:58.500408Z[0m [31mERROR[0m [2mtb_provider_market[0m[2m:[0m Bars fetch error for BTCUSDT: error returned from database: (code: 1032) attempt to write a readonly database
[2m2026-02-04T06:07:58.537149Z[0m [31mERROR[0m [2mtb_provider_market[0m[2m:[0m Quote fetch error for ETHUSDT: error returned from database: (code: 1032) attempt to write a readonly database
[2m2026-02-04T06:07:58.576614Z[0m [31mERROR[0m [2mtb_provider_market[0m[2m:[0m Bars fetch error for ETHUSDT: error returned from database: (code: 1032) attempt to write a readonly database
[2m2026-02-04T06:07:58.613827Z[0m [31mERROR[0m [2mtb_provider_market[0m[2m:[0m Quote fetch error for SOLUSDT: error returned from database: (code: 1032) attempt to write a readonly database
[2m2026-02-04T06:07:58.652410Z[0m [31mERROR[0m [2mtb_provider_market[0m[2m:[0m Bars fetch error for SOLUSDT: error returned from database: (code: 1032) attempt to write a readonly database
[2m2026-02-04T06:08:03.690617Z[0m [31mERROR[0m [2mtb_provider_market[0m[2m:[0m Quote fetch error for BTCUSDT: error returned from database: (code: 1032) attempt to write a readonly database
[2m2026-02-04T06:08:03.729388Z[0m [31mERROR[0m [2mtb_provider_market[0m[2m:[0m Bars fetch error for BTCUSDT: error returned from database: (code: 1032) attempt to write a readonly database
[2m2026-02-04T06:08:03.766235Z[0m [31mERROR[0m [2mtb_provider_market[0m[2m:[0m Quote fetch error for ETHUSDT: error returned from database: (code: 1032) attempt to write a readonly database
[2m2026-02-04T06:08:03.805135Z[0m [31mERROR[0m [2mtb_provider_market[0m[2m:[0m Bars fetch error for ETHUSDT: error returned from database: (code: 1032) attempt to write a readonly database
[2m2026-02-04T06:08:03.841500Z[0m [31mERROR[0m [2mtb_provider_market[0m[2m:[0m Quote fetch error for SOLUSDT: error returned from database: (code: 1032) attempt to write a readonly database
[2m2026-02-04T06:08:03.880272Z[0m [31mERROR[0m [2mtb_provider_market[0m[2m:[0m Bars fetch error for SOLUSDT: error returned from database: (code: 1032) attempt to write a readonly database
[2m2026-02-04T06:08:08.919100Z[0m [31mERROR[0m [2mtb_provider_market[0m[2m:[0m Quote fetch error for BTCUSDT: error returned from database: (code: 1032) attempt to write a readonly database
[2m2026-02-04T06:08:08.957879Z[0m [31mERROR[0m [2mtb_provider_market[0m[2m:[0m Bars fetch error for BTCUSDT: error returned from database: (code: 1032) attempt to write a readonly database
[2m2026-02-04T06:08:08.994872Z[0m [31mERROR[0m [2mtb_provider_market[0m[2m:[0m Quote fetch error for ETHUSDT: error returned from database: (code: 1032) attempt to write a readonly database
[2m2026-02-04T06:08:09.045007Z[0m [31mERROR[0m [2mtb_provider_market[0m[2m:[0m Bars fetch error for ETHUSDT: error returned from database: (code: 1032) attempt to write a readonly database
[2m2026-02-04T06:08:09.091503Z[0m [31mERROR[0m [2mtb_provider_market[0m[2m:[0m Quote fetch error for SOLUSDT: error returned from database: (code: 1032) attempt to write a readonly database
[2m2026-02-04T06:08:09.139306Z[0m [31mERROR[0m [2mtb_provider_market[0m[2m:[0m Bars fetch error for SOLUSDT: error returned from database: (code: 1032) attempt to write a readonly database
[2m2026-02-04T06:08:14.176943Z[0m [31mERROR[0m [2mtb_provider_market[0m[2m:[0m Quote fetch error for BTCUSDT: error returned from database: (code: 1032) attempt to write a readonly database
[2m2026-02-04T06:08:14.216221Z[0m [31mERROR[0m [2mtb_provider_market[0m[2m:[0m Bars fetch error for BTCUSDT: error returned from database: (code: 1032) attempt to write a readonly database
[2m2026-02-04T06:08:14.252919Z[0m [31mERROR[0m [2mtb_provider_market[0m[2m:[0m Quote fetch error for ETHUSDT: error returned from database: (code: 1032) attempt to write a readonly database
[2m2026-02-04T06:08:14.291981Z[0m [31mERROR[0m [2mtb_provider_market[0m[2m:[0m Bars fetch error for ETHUSDT: error returned from database: (code: 1032) attempt to write a readonly database
[2m2026-02-04T06:08:14.328608Z[0m [31mERROR[0m [2mtb_provider_market[0m[2m:[0m Quote fetch error for SOLUSDT: error returned from database: (code: 1032) attempt to write a readonly database
[2m2026-02-04T06:08:14.367203Z[0m [31mERROR[0m [2mtb_provider_market[0m[2m:[0m Bars fetch error for SOLUSDT: error returned from database: (code: 1032) attempt to write a readonly database
[2m2026-02-04T06:08:19.405784Z[0m [31mERROR[0m [2mtb_provider_market[0m[2m:[0m Quote fetch error for BTCUSDT: error returned from database: (code: 1032) attempt to write a readonly database
[2m2026-02-04T06:08:19.445053Z[0m [31mERROR[0m [2mtb_provider_market[0m[2m:[0m Bars fetch error for BTCUSDT: error returned from database: (code: 1032) attempt to write a readonly database
[2m2026-02-04T06:08:19.482641Z[0m [31mERROR[0m [2mtb_provider_market[0m[2m:[0m Quote fetch error for ETHUSDT: error returned from database: (code: 1032) attempt to write a readonly database
[2m2026-02-04T06:08:19.521626Z[0m [31mERROR[0m [2mtb_provider_market[0m[2m:[0m Bars fetch error for ETHUSDT: error returned from database: (code: 1032) attempt to write a readonly database
[2m2026-02-04T06:08:19.558838Z[0m [31mERROR[0m [2mtb_provider_market[0m[2m:[0m Quote fetch error for SOLUSDT: error returned from database: (code: 1032) attempt to write a readonly database
[2m2026-02-04T06:08:19.597126Z[0m [31mERROR[0m [2mtb_provider_market[0m[2m:[0m Bars fetch error for SOLUSDT: error returned from database: (code: 1032) attempt to write a readonly database
[2m2026-02-04T06:08:24.635598Z[0m [31mERROR[0m [2mtb_provider_market[0m[2m:[0m Quote fetch error for BTCUSDT: error returned from database: (code: 1032) attempt to write a readonly database
[2m2026-02-04T06:08:24.674440Z[0m [31mERROR[0m [2mtb_provider_market[0m[2m:[0m Bars fetch error for BTCUSDT: error returned from database: (code: 1032) attempt to write a readonly database
[2m2026-02-04T06:08:24.711268Z[0m [31mERROR[0m [2mtb_provider_market[0m[2m:[0m Quote fetch error for ETHUSDT: error returned from database: (code: 1032) attempt to write a readonly database
[2m2026-02-04T06:08:24.749853Z[0m [31mERROR[0m [2mtb_provider_market[0m[2m:[0m Bars fetch error for ETHUSDT: error returned from database: (code: 1032) attempt to write a readonly database
[2m2026-02-04T06:08:24.786817Z[0m [31mERROR[0m [2mtb_provider_market[0m[2m:[0m Quote fetch error for SOLUSDT: error returned from database: (code: 1032) attempt to write a readonly database
[2m2026-02-04T06:08:24.825472Z[0m [31mERROR[0m [2mtb_provider_market[0m[2m:[0m Bars fetch error for SOLUSDT: error returned from database: (code: 1032) attempt to write a readonly database
[2m2026-02-04T06:08:29.863926Z[0m [31mERROR[0m [2mtb_provider_market[0m[2m:[0m Quote fetch error for BTCUSDT: error returned from database: (code: 1032) attempt to write a readonly database
[2m2026-02-04T06:08:29.902377Z[0m [31mERROR[0m [2mtb_provider_market[0m[2m:[0m Bars fetch error for BTCUSDT: error returned from database: (code: 1032) attempt to write a readonly database
[2m2026-02-04T06:08:29.938877Z[0m [31mERROR[0m [2mtb_provider_market[0m[2m:[0m Quote fetch error for ETHUSDT: error returned from database: (code: 1032) attempt to write a readonly database
[2m2026-02-04T06:08:29.977629Z[0m [31mERROR[0m [2mtb_provider_market[0m[2m:[0m Bars fetch error for ETHUSDT: error returned from database: (code: 1032) attempt to write a readonly database
[2m2026-02-04T06:08:30.013900Z[0m [31mERROR[0m [2mtb_provider_market[0m[2m:[0m Quote fetch error for SOLUSDT: error returned from database: (code: 1032) attempt to write a readonly database
[2m2026-02-04T06:08:30.052655Z[0m [31mERROR[0m [2mtb_provider_market[0m[2m:[0m Bars fetch error for SOLUSDT: error returned from database: (code: 1032) attempt to write a readonly database
[2m2026-02-04T06:08:35.091520Z[0m [31mERROR[0m [2mtb_provider_market[0m[2m:[0m Quote fetch error for BTCUSDT: error returned from database: (code: 1032) attempt to write a readonly database
[2m2026-02-04T06:08:35.132311Z[0m [31mERROR[0m [2mtb_provider_market[0m[2m:[0m Bars fetch error for BTCUSDT: error returned from database: (code: 1032) attempt to write a readonly database
[2m2026-02-04T06:08:35.169831Z[0m [31mERROR[0m [2mtb_provider_market[0m[2m:[0m Quote fetch error for ETHUSDT: error returned from database: (code: 1032) attempt to write a readonly database
[2m2026-02-04T06:08:35.209881Z[0m [31mERROR[0m [2mtb_provider_market[0m[2m:[0m Bars fetch error for ETHUSDT: error returned from database: (code: 1032) attempt to write a readonly database
[2m2026-02-04T06:08:35.246683Z[0m [31mERROR[0m [2mtb_provider_market[0m[2m:[0m Quote fetch error for SOLUSDT: error returned from database: (code: 1032) attempt to write a readonly database
[2m2026-02-04T06:08:35.286756Z[0m [31mERROR[0m [2mtb_provider_market[0m[2m:[0m Bars fetch error for SOLUSDT: error returned from database: (code: 1032) attempt to write a readonly database
[2m2026-02-04T06:08:40.326296Z[0m [31mERROR[0m [2mtb_provider_market[0m[2m:[0m Quote fetch error for BTCUSDT: error returned from database: (code: 1032) attempt to write a readonly database
[2m2026-02-04T06:08:40.367157Z[0m [31mERROR[0m [2mtb_provider_market[0m[2m:[0m Bars fetch error for BTCUSDT: error returned from database: (code: 1032) attempt to write a readonly database
[2m2026-02-04T06:08:40.404668Z[0m [31mERROR[0m [2mtb_provider_market[0m[2m:[0m Quote fetch error for ETHUSDT: error returned from database: (code: 1032) attempt to write a readonly database
[2m2026-02-04T06:08:40.444397Z[0m [31mERROR[0m [2mtb_provider_market[0m[2m:[0m Bars fetch error for ETHUSDT: error returned from database: (code: 1032) attempt to write a readonly database
[2m2026-02-04T06:08:40.481391Z[0m [31mERROR[0m [2mtb_provider_market[0m[2m:[0m Quote fetch error for SOLUSDT: error returned from database: (code: 1032) attempt to write a readonly database
[2m2026-02-04T06:08:40.519612Z[0m [31mERROR[0m [2mtb_provider_market[0m[2m:[0m Bars fetch error for SOLUSDT: error returned from database: (code: 1032) attempt to write a readonly database
[2m2026-02-04T06:08:45.558572Z[0m [31mERROR[0m [2mtb_provider_market[0m[2m:[0m Quote fetch error for BTCUSDT: error returned from database: (code: 1032) attempt to write a readonly database
[2m2026-02-04T06:08:45.598112Z[0m [31mERROR[0m [2mtb_provider_market[0m[2m:[0m Bars fetch error for BTCUSDT: error returned from database: (code: 1032) attempt to write a readonly database
[2m2026-02-04T06:08:45.634972Z[0m [31mERROR[0m [2mtb_provider_market[0m[2m:[0m Quote fetch error for ETHUSDT: error returned from database: (code: 1032) attempt to write a readonly database
[2m2026-02-04T06:08:45.673850Z[0m [31mERROR[0m [2mtb_provider_market[0m[2m:[0m Bars fetch error for ETHUSDT: error returned from database: (code: 1032) attempt to write a readonly database
[2m2026-02-04T06:08:45.709955Z[0m [31mERROR[0m [2mtb_provider_market[0m[2m:[0m Quote fetch error for SOLUSDT: error returned from database: (code: 1032) attempt to write a readonly database
[2m2026-02-04T06:08:45.748552Z[0m [31mERROR[0m [2mtb_provider_market[0m[2m:[0m Bars fetch error for SOLUSDT: error returned from database: (code: 1032) attempt to write a readonly database
[2m2026-02-04T06:08:50.786691Z[0m [31mERROR[0m [2mtb_provider_market[0m[2m:[0m Quote fetch error for BTCUSDT: error returned from database: (code: 1032) attempt to write a readonly database
[2m2026-02-04T06:08:50.825784Z[0m [31mERROR[0m [2mtb_provider_market[0m[2m:[0m Bars fetch error for BTCUSDT: error returned from database: (code: 1032) attempt to write a readonly database
[2m2026-02-04T06:08:50.863343Z[0m [31mERROR[0m [2mtb_provider_market[0m[2m:[0m Quote fetch error for ETHUSDT: error returned from database: (code: 1032) attempt to write a readonly database
[2m2026-02-04T06:08:50.902434Z[0m [31mERROR[0m [2mtb_provider_market[0m[2m:[0m Bars fetch error for ETHUSDT: error returned from database: (code: 1032) attempt to write a readonly database
[2m2026-02-04T06:08:50.939661Z[0m [31mERROR[0m [2mtb_provider_market[0m[2m:[0m Quote fetch error for SOLUSDT: error returned from database: (code: 1032) attempt to write a readonly database
[2m2026-02-04T06:08:50.979086Z[0m [31mERROR[0m [2mtb_provider_market[0m[2m:[0m Bars fetch error for SOLUSDT: error returned from database: (code: 1032) attempt to write a readonly database
[2m2026-02-04T06:08:56.017169Z[0m [31mERROR[0m [2mtb_provider_market[0m[2m:[0m Quote fetch error for BTCUSDT: error returned from database: (code: 1032) attempt to write a readonly database
[2m2026-02-04T06:08:56.056583Z[0m [31mERROR[0m [2mtb_provider_market[0m[2m:[0m Bars fetch error for BTCUSDT: error returned from database: (code: 1032) attempt to write a readonly database
[2m2026-02-04T06:08:56.094289Z[0m [31mERROR[0m [2mtb_provider_market[0m[2m:[0m Quote fetch error for ETHUSDT: error returned from database: (code: 1032) attempt to write a readonly database
[2m2026-02-04T06:08:56.134250Z[0m [31mERROR[0m [2mtb_provider_market[0m[2m:[0m Bars fetch error for ETHUSDT: error returned from database: (code: 1032) attempt to write a readonly database
[2m2026-02-04T06:08:56.172973Z[0m [31mERROR[0m [2mtb_provider_market[0m[2m:[0m Quote fetch error for SOLUSDT: error returned from database: (code: 1032) attempt to write a readonly database
[2m2026-02-04T06:08:56.211719Z[0m [31mERROR[0m [2mtb_provider_market[0m[2m:[0m Bars fetch error for SOLUSDT: error returned from database: (code: 1032) attempt to write a readonly database
[2m2026-02-04T06:09:01.251488Z[0m [31mERROR[0m [2mtb_provider_market[0m[2m:[0m Quote fetch error for BTCUSDT: error returned from database: (code: 1032) attempt to write a readonly database
[2m2026-02-04T06:09:01.291873Z[0m [31mERROR[0m [2mtb_provider_market[0m[2m:[0m Bars fetch error for BTCUSDT: error returned from database: (code: 1032) attempt to write a readonly database
[2m2026-02-04T06:09:01.330029Z[0m [31mERROR[0m [2mtb_provider_market[0m[2m:[0m Quote fetch error for ETHUSDT: error returned from database: (code: 1032) attempt to write a readonly database
[2m2026-02-04T06:09:01.369621Z[0m [31mERROR[0m [2mtb_provider_market[0m[2m:[0m Bars fetch error for ETHUSDT: error returned from database: (code: 1032) attempt to write a readonly database
[2m2026-02-04T06:09:01.406612Z[0m [31mERROR[0m [2mtb_provider_market[0m[2m:[0m Quote fetch error for SOLUSDT: error returned from database: (code: 1032) attempt to write a readonly database
[2m2026-02-04T06:09:01.445246Z[0m [31mERROR[0m [2mtb_provider_market[0m[2m:[0m Bars fetch error for SOLUSDT: error returned from database: (code: 1032) attempt to write a readonly database
[2m2026-02-04T06:09:06.483278Z[0m [31mERROR[0m [2mtb_provider_market[0m[2m:[0m Quote fetch error for BTCUSDT: error returned from database: (code: 1032) attempt to write a readonly database
[2m2026-02-04T06:09:06.523675Z[0m [31mERROR[0m [2mtb_provider_market[0m[2m:[0m Bars fetch error for BTCUSDT: error returned from database: (code: 1032) attempt to write a readonly database
[2m2026-02-04T06:09:06.560687Z[0m [31mERROR[0m [2mtb_provider_market[0m[2m:[0m Quote fetch error for ETHUSDT: error returned from database: (code: 1032) attempt to write a readonly database
[2m2026-02-04T06:09:06.599871Z[0m [31mERROR[0m [2mtb_provider_market[0m[2m:[0m Bars fetch error for ETHUSDT: error returned from database: (code: 1032) attempt to write a readonly database
[2m2026-02-04T06:09:06.636704Z[0m [31mERROR[0m [2mtb_provider_market[0m[2m:[0m Quote fetch error for SOLUSDT: error returned from database: (code: 1032) attempt to write a readonly database
[2m2026-02-04T06:09:06.675732Z[0m [31mERROR[0m [2mtb_provider_market[0m[2m:[0m Bars fetch error for SOLUSDT: error returned from database: (code: 1032) attempt to write a readonly database
[2m2026-02-04T06:09:11.717488Z[0m [31mERROR[0m [2mtb_provider_market[0m[2m:[0m Quote fetch error for BTCUSDT: error returned from database: (code: 1032) attempt to write a readonly database
[2m2026-02-04T06:09:11.764858Z[0m [31mERROR[0m [2mtb_provider_market[0m[2m:[0m Bars fetch error for BTCUSDT: error returned from database: (code: 787) FOREIGN KEY constraint failed
[2m2026-02-04T06:09:11.803686Z[0m [31mERROR[0m [2mtb_provider_market[0m[2m:[0m Quote fetch error for ETHUSDT: error returned from database: (code: 787) FOREIGN KEY constraint failed
[2m2026-02-04T06:09:11.844190Z[0m [31mERROR[0m [2mtb_provider_market[0m[2m:[0m Bars fetch error for ETHUSDT: error returned from database: (code: 787) FOREIGN KEY constraint failed
[2m2026-02-04T06:09:11.884198Z[0m [31mERROR[0m [2mtb_provider_market[0m[2m:[0m Quote fetch error for SOLUSDT: error returned from database: (code: 787) FOREIGN KEY constraint failed
[2m2026-02-04T06:09:11.925174Z[0m [31mERROR[0m [2mtb_provider_market[0m[2m:[0m Bars fetch error for SOLUSDT: error returned from database: (code: 787) FOREIGN KEY constraint failed
[2m2026-02-04T06:09:16.963323Z[0m [31mERROR[0m [2mtb_provider_market[0m[2m:[0m Quote fetch error for BTCUSDT: error returned from database: (code: 787) FOREIGN KEY constraint failed
[2m2026-02-04T06:09:17.001804Z[0m [31mERROR[0m [2mtb_provider_market[0m[2m:[0m Bars fetch error for BTCUSDT: error returned from database: (code: 787) FOREIGN KEY constraint failed
[2m2026-02-04T06:09:17.037832Z[0m [31mERROR[0m [2mtb_provider_market[0m[2m:[0m Quote fetch error for ETHUSDT: error returned from database: (code: 787) FOREIGN KEY constraint failed
[2m2026-02-04T06:09:17.075839Z[0m [31mERROR[0m [2mtb_provider_market[0m[2m:[0m Bars fetch error for ETHUSDT: error returned from database: (code: 787) FOREIGN KEY constraint failed
[2m2026-02-04T06:09:17.112171Z[0m [31mERROR[0m [2mtb_provider_market[0m[2m:[0m Quote fetch error for SOLUSDT: error returned from database: (code: 787) FOREIGN KEY constraint failed
[2m2026-02-04T06:09:17.151257Z[0m [31mERROR[0m [2mtb_provider_market[0m[2m:[0m Bars fetch error for SOLUSDT: error returned from database: (code: 787) FOREIGN KEY constraint failed
[2m2026-02-04T06:09:22.189625Z[0m [31mERROR[0m [2mtb_provider_market[0m[2m:[0m Quote fetch error for BTCUSDT: error returned from database: (code: 787) FOREIGN KEY constraint failed
[2m2026-02-04T06:09:22.228022Z[0m [31mERROR[0m [2mtb_provider_market[0m[2m:[0m Bars fetch error for BTCUSDT: error returned from database: (code: 787) FOREIGN KEY constraint failed
[2m2026-02-04T06:09:22.264975Z[0m [31mERROR[0m [2mtb_provider_market[0m[2m:[0m Quote fetch error for ETHUSDT: error returned from database: (code: 787) FOREIGN KEY constraint failed
[2m2026-02-04T06:09:22.304071Z[0m [31mERROR[0m [2mtb_provider_market[0m[2m:[0m Bars fetch error for ETHUSDT: error returned from database: (code: 787) FOREIGN KEY constraint failed
[2m2026-02-04T06:09:22.341183Z[0m [31mERROR[0m [2mtb_provider_market[0m[2m:[0m Quote fetch error for SOLUSDT: error returned from database: (code: 787) FOREIGN KEY constraint failed
[2m2026-02-04T06:09:22.379771Z[0m [31mERROR[0m [2mtb_provider_market[0m[2m:[0m Bars fetch error for SOLUSDT: error returned from database: (code: 787) FOREIGN KEY constraint failed
[2m2026-02-04T06:09:27.418119Z[0m [31mERROR[0m [2mtb_provider_market[0m[2m:[0m Quote fetch error for BTCUSDT: error returned from database: (code: 787) FOREIGN KEY constraint failed
[2m2026-02-04T06:09:27.456661Z[0m [31mERROR[0m [2mtb_provider_market[0m[2m:[0m Bars fetch error for BTCUSDT: error returned from database: (code: 787) FOREIGN KEY constraint failed
[2m2026-02-04T06:09:27.493145Z[0m [31mERROR[0m [2mtb_provider_market[0m[2m:[0m Quote fetch error for ETHUSDT: error returned from database: (code: 787) FOREIGN KEY constraint failed
[2m2026-02-04T06:09:27.531639Z[0m [31mERROR[0m [2mtb_provider_market[0m[2m:[0m Bars fetch error for ETHUSDT: error returned from database: (code: 787) FOREIGN KEY constraint failed
[2m2026-02-04T06:09:27.568032Z[0m [31mERROR[0m [2mtb_provider_market[0m[2m:[0m Quote fetch error for SOLUSDT: error returned from database: (code: 787) FOREIGN KEY constraint failed
[2m2026-02-04T06:09:27.607049Z[0m [31mERROR[0m [2mtb_provider_market[0m[2m:[0m Bars fetch error for SOLUSDT: error returned from database: (code: 787) FOREIGN KEY constraint failed
[2m2026-02-04T06:09:32.645565Z[0m [31mERROR[0m [2mtb_provider_market[0m[2m:[0m Quote fetch error for BTCUSDT: error returned from database: (code: 787) FOREIGN KEY constraint failed
[2m2026-02-04T06:09:32.684185Z[0m [31mERROR[0m [2mtb_provider_market[0m[2m:[0m Bars fetch error for BTCUSDT: error returned from database: (code: 787) FOREIGN KEY constraint failed
[2m2026-02-04T06:09:32.721243Z[0m [31mERROR[0m [2mtb_provider_market[0m[2m:[0m Quote fetch error for ETHUSDT: error returned from database: (code: 787) FOREIGN KEY constraint failed
[2m2026-02-04T06:09:32.760318Z[0m [31mERROR[0m [2mtb_provider_market[0m[2m:[0m Bars fetch error for ETHUSDT: error returned from database: (code: 787) FOREIGN KEY constraint failed
[2m2026-02-04T06:09:32.797141Z[0m [31mERROR[0m [2mtb_provider_market[0m[2m:[0m Quote fetch error for SOLUSDT: error returned from database: (code: 787) FOREIGN KEY constraint failed
[2m2026-02-04T06:09:32.835439Z[0m [31mERROR[0m [2mtb_provider_market[0m[2m:[0m Bars fetch error for SOLUSDT: error returned from database: (code: 787) FOREIGN KEY constraint failed
[2m2026-02-04T06:09:37.874485Z[0m [31mERROR[0m [2mtb_provider_market[0m[2m:[0m Quote fetch error for BTCUSDT: error returned from database: (code: 787) FOREIGN KEY constraint failed
[2m2026-02-04T06:09:37.913775Z[0m [31mERROR[0m [2mtb_provider_market[0m[2m:[0m Bars fetch error for BTCUSDT: error returned from database: (code: 787) FOREIGN KEY constraint failed
[2m2026-02-04T06:09:37.950634Z[0m [31mERROR[0m [2mtb_provider_market[0m[2m:[0m Quote fetch error for ETHUSDT: error returned from database: (code: 787) FOREIGN KEY constraint failed
[2m2026-02-04T06:09:37.989460Z[0m [31mERROR[0m [2mtb_provider_market[0m[2m:[0m Bars fetch error for ETHUSDT: error returned from database: (code: 787) FOREIGN KEY constraint failed
[2m2026-02-04T06:09:38.026423Z[0m [31mERROR[0m [2mtb_provider_market[0m[2m:[0m Quote fetch error for SOLUSDT: error returned from database: (code: 787) FOREIGN KEY constraint failed
[2m2026-02-04T06:09:38.065168Z[0m [31mERROR[0m [2mtb_provider_market[0m[2m:[0m Bars fetch error for SOLUSDT: error returned from database: (code: 787) FOREIGN KEY constraint failed
[2m2026-02-04T06:09:43.103191Z[0m [31mERROR[0m [2mtb_provider_market[0m[2m:[0m Quote fetch error for BTCUSDT: error returned from database: (code: 787) FOREIGN KEY constraint failed
[2m2026-02-04T06:09:43.141995Z[0m [31mERROR[0m [2mtb_provider_market[0m[2m:[0m Bars fetch error for BTCUSDT: error returned from database: (code: 787) FOREIGN KEY constraint failed
[2m2026-02-04T06:09:43.178849Z[0m [31mERROR[0m [2mtb_provider_market[0m[2m:[0m Quote fetch error for ETHUSDT: error returned from database: (code: 787) FOREIGN KEY constraint failed
[2m2026-02-04T06:09:43.218109Z[0m [31mERROR[0m [2mtb_provider_market[0m[2m:[0m Bars fetch error for ETHUSDT: error returned from database: (code: 787) FOREIGN KEY constraint failed
[2m2026-02-04T06:09:43.254661Z[0m [31mERROR[0m [2mtb_provider_market[0m[2m:[0m Quote fetch error for SOLUSDT: error returned from database: (code: 787) FOREIGN KEY constraint failed
[2m2026-02-04T06:09:43.293199Z[0m [31mERROR[0m [2mtb_provider_market[0m[2m:[0m Bars fetch error for SOLUSDT: error returned from database: (code: 787) FOREIGN KEY constraint failed
[2m2026-02-04T06:09:48.332318Z[0m [31mERROR[0m [2mtb_provider_market[0m[2m:[0m Quote fetch error for BTCUSDT: error returned from database: (code: 787) FOREIGN KEY constraint failed
[2m2026-02-04T06:09:48.371354Z[0m [31mERROR[0m [2mtb_provider_market[0m[2m:[0m Bars fetch error for BTCUSDT: error returned from database: (code: 787) FOREIGN KEY constraint failed
[2m2026-02-04T06:09:48.408478Z[0m [31mERROR[0m [2mtb_provider_market[0m[2m:[0m Quote fetch error for ETHUSDT: error returned from database: (code: 787) FOREIGN KEY constraint failed
[2m2026-02-04T06:09:48.446797Z[0m [31mERROR[0m [2mtb_provider_market[0m[2m:[0m Bars fetch error for ETHUSDT: error returned from database: (code: 787) FOREIGN KEY constraint failed
[2m2026-02-04T06:09:48.483805Z[0m [31mERROR[0m [2mtb_provider_market[0m[2m:[0m Quote fetch error for SOLUSDT: error returned from database: (code: 787) FOREIGN KEY constraint failed
[2m2026-02-04T06:09:48.522941Z[0m [31mERROR[0m [2mtb_provider_market[0m[2m:[0m Bars fetch error for SOLUSDT: error returned from database: (code: 787) FOREIGN KEY constraint failed
[2m2026-02-04T06:09:53.562713Z[0m [31mERROR[0m [2mtb_provider_market[0m[2m:[0m Quote fetch error for BTCUSDT: error returned from database: (code: 787) FOREIGN KEY constraint failed
[2m2026-02-04T06:09:53.605725Z[0m [31mERROR[0m [2mtb_provider_market[0m[2m:[0m Bars fetch error for BTCUSDT: error returned from database: (code: 787) FOREIGN KEY constraint failed
[2m2026-02-04T06:09:53.645378Z[0m [31mERROR[0m [2mtb_provider_market[0m[2m:[0m Quote fetch error for ETHUSDT: error returned from database: (code: 787) FOREIGN KEY constraint failed
[2m2026-02-04T06:09:53.685660Z[0m [31mERROR[0m [2mtb_provider_market[0m[2m:[0m Bars fetch error for ETHUSDT: error returned from database: (code: 787) FOREIGN KEY constraint failed
[2m2026-02-04T06:09:53.724191Z[0m [31mERROR[0m [2mtb_provider_market[0m[2m:[0m Quote fetch error for SOLUSDT: error returned from database: (code: 787) FOREIGN KEY constraint failed
[2m2026-02-04T06:09:53.764038Z[0m [31mERROR[0m [2mtb_provider_market[0m[2m:[0m Bars fetch error for SOLUSDT: error returned from database: (code: 787) FOREIGN KEY constraint failed
[2m2026-02-04T06:09:58.802498Z[0m [31mERROR[0m [2mtb_provider_market[0m[2m:[0m Quote fetch error for BTCUSDT: error returned from database: (code: 787) FOREIGN KEY constraint failed
[2m2026-02-04T06:09:58.841547Z[0m [31mERROR[0m [2mtb_provider_market[0m[2m:[0m Bars fetch error for BTCUSDT: error returned from database: (code: 787) FOREIGN KEY constraint failed
[2m2026-02-04T06:09:58.878477Z[0m [31mERROR[0m [2mtb_provider_market[0m[2m:[0m Quote fetch error for ETHUSDT: error returned from database: (code: 787) FOREIGN KEY constraint failed
[2m2026-02-04T06:09:58.917518Z[0m [31mERROR[0m [2mtb_provider_market[0m[2m:[0m Bars fetch error for ETHUSDT: error returned from database: (code: 787) FOREIGN KEY constraint failed
[2m2026-02-04T06:09:58.954334Z[0m [31mERROR[0m [2mtb_provider_market[0m[2m:[0m Quote fetch error for SOLUSDT: error returned from database: (code: 787) FOREIGN KEY constraint failed
[2m2026-02-04T06:09:58.993215Z[0m [31mERROR[0m [2mtb_provider_market[0m[2m:[0m Bars fetch error for SOLUSDT: error returned from database: (code: 787) FOREIGN KEY constraint failed
[2m2026-02-04T06:10:04.032583Z[0m [31mERROR[0m [2mtb_provider_market[0m[2m:[0m Quote fetch error for BTCUSDT: error returned from database: (code: 787) FOREIGN KEY constraint failed
[2m2026-02-04T06:10:04.071501Z[0m [31mERROR[0m [2mtb_provider_market[0m[2m:[0m Bars fetch error for BTCUSDT: error returned from database: (code: 787) FOREIGN KEY constraint failed
[2m2026-02-04T06:10:04.108103Z[0m [31mERROR[0m [2mtb_provider_market[0m[2m:[0m Quote fetch error for ETHUSDT: error returned from database: (code: 787) FOREIGN KEY constraint failed
[2m2026-02-04T06:10:04.146804Z[0m [31mERROR[0m [2mtb_provider_market[0m[2m:[0m Bars fetch error for ETHUSDT: error returned from database: (code: 787) FOREIGN KEY constraint failed
[2m2026-02-04T06:10:04.184760Z[0m [31mERROR[0m [2mtb_provider_market[0m[2m:[0m Quote fetch error for SOLUSDT: error returned from database: (code: 787) FOREIGN KEY constraint failed
[2m2026-02-04T06:10:04.223849Z[0m [31mERROR[0m [2mtb_provider_market[0m[2m:[0m Bars fetch error for SOLUSDT: error returned from database: (code: 787) FOREIGN KEY constraint failed
[2m2026-02-04T06:10:09.264102Z[0m [31mERROR[0m [2mtb_provider_market[0m[2m:[0m Quote fetch error for BTCUSDT: error returned from database: (code: 787) FOREIGN KEY constraint failed
[2m2026-02-04T06:10:09.302384Z[0m [31mERROR[0m [2mtb_provider_market[0m[2m:[0m Bars fetch error for BTCUSDT: error returned from database: (code: 787) FOREIGN KEY constraint failed
[2m2026-02-04T06:10:09.339252Z[0m [31mERROR[0m [2mtb_provider_market[0m[2m:[0m Quote fetch error for ETHUSDT: error returned from database: (code: 787) FOREIGN KEY constraint failed
[2m2026-02-04T06:10:09.378783Z[0m [31mERROR[0m [2mtb_provider_market[0m[2m:[0m Bars fetch error for ETHUSDT: error returned from database: (code: 787) FOREIGN KEY constraint failed
[2m2026-02-04T06:10:09.415657Z[0m [31mERROR[0m [2mtb_provider_market[0m[2m:[0m Quote fetch error for SOLUSDT: error returned from database: (code: 787) FOREIGN KEY constraint failed
[2m2026-02-04T06:10:09.454496Z[0m [31mERROR[0m [2mtb_provider_market[0m[2m:[0m Bars fetch error for SOLUSDT: error returned from database: (code: 787) FOREIGN KEY constraint failed
[2m2026-02-04T06:10:14.494090Z[0m [31mERROR[0m [2mtb_provider_market[0m[2m:[0m Quote fetch error for BTCUSDT: error returned from database: (code: 787) FOREIGN KEY constraint failed
[2m2026-02-04T06:10:14.533661Z[0m [31mERROR[0m [2mtb_provider_market[0m[2m:[0m Bars fetch error for BTCUSDT: error returned from database: (code: 787) FOREIGN KEY constraint failed
[2m2026-02-04T06:10:14.571189Z[0m [31mERROR[0m [2mtb_provider_market[0m[2m:[0m Quote fetch error for ETHUSDT: error returned from database: (code: 787) FOREIGN KEY constraint failed
[2m2026-02-04T06:10:14.611954Z[0m [31mERROR[0m [2mtb_provider_market[0m[2m:[0m Bars fetch error for ETHUSDT: error returned from database: (code: 787) FOREIGN KEY constraint failed
[2m2026-02-04T06:10:14.648308Z[0m [31mERROR[0m [2mtb_provider_market[0m[2m:[0m Quote fetch error for SOLUSDT: error returned from database: (code: 787) FOREIGN KEY constraint failed
[2m2026-02-04T06:10:14.687238Z[0m [31mERROR[0m [2mtb_provider_market[0m[2m:[0m Bars fetch error for SOLUSDT: error returned from database: (code: 787) FOREIGN KEY constraint failed
[2m2026-02-04T06:10:19.725747Z[0m [31mERROR[0m [2mtb_provider_market[0m[2m:[0m Quote fetch error for BTCUSDT: error returned from database: (code: 787) FOREIGN KEY constraint failed
[2m2026-02-04T06:10:19.765936Z[0m [31mERROR[0m [2mtb_provider_market[0m[2m:[0m Bars fetch error for BTCUSDT: error returned from database: (code: 787) FOREIGN KEY constraint failed
[2m2026-02-04T06:10:19.802684Z[0m [31mERROR[0m [2mtb_provider_market[0m[2m:[0m Quote fetch error for ETHUSDT: error returned from database: (code: 787) FOREIGN KEY constraint failed
[2m2026-02-04T06:10:19.841122Z[0m [31mERROR[0m [2mtb_provider_market[0m[2m:[0m Bars fetch error for ETHUSDT: error returned from database: (code: 787) FOREIGN KEY constraint failed
[2m2026-02-04T06:10:19.877846Z[0m [31mERROR[0m [2mtb_provider_market[0m[2m:[0m Quote fetch error for SOLUSDT: error returned from database: (code: 787) FOREIGN KEY constraint failed
[2m2026-02-04T06:10:19.916746Z[0m [31mERROR[0m [2mtb_provider_market[0m[2m:[0m Bars fetch error for SOLUSDT: error returned from database: (code: 787) FOREIGN KEY constraint failed
[2m2026-02-04T06:10:24.956086Z[0m [31mERROR[0m [2mtb_provider_market[0m[2m:[0m Quote fetch error for BTCUSDT: error returned from database: (code: 787) FOREIGN KEY constraint failed
[2m2026-02-04T06:10:24.995397Z[0m [31mERROR[0m [2mtb_provider_market[0m[2m:[0m Bars fetch error for BTCUSDT: error returned from database: (code: 787) FOREIGN KEY constraint failed
[2m2026-02-04T06:10:25.032523Z[0m [31mERROR[0m [2mtb_provider_market[0m[2m:[0m Quote fetch error for ETHUSDT: error returned from database: (code: 787) FOREIGN KEY constraint failed
[2m2026-02-04T06:10:25.071536Z[0m [31mERROR[0m [2mtb_provider_market[0m[2m:[0m Bars fetch error for ETHUSDT: error returned from database: (code: 787) FOREIGN KEY constraint failed
[2m2026-02-04T06:10:25.109806Z[0m [31mERROR[0m [2mtb_provider_market[0m[2m:[0m Quote fetch error for SOLUSDT: error returned from database: (code: 787) FOREIGN KEY constraint failed
[2m2026-02-04T06:10:25.148707Z[0m [31mERROR[0m [2mtb_provider_market[0m[2m:[0m Bars fetch error for SOLUSDT: error returned from database: (code: 787) FOREIGN KEY constraint failed
[2m2026-02-04T06:10:30.188236Z[0m [31mERROR[0m [2mtb_provider_market[0m[2m:[0m Quote fetch error for BTCUSDT: error returned from database: (code: 787) FOREIGN KEY constraint failed
[2m2026-02-04T06:10:30.226978Z[0m [31mERROR[0m [2mtb_provider_market[0m[2m:[0m Bars fetch error for BTCUSDT: error returned from database: (code: 787) FOREIGN KEY constraint failed
[2m2026-02-04T06:10:30.265219Z[0m [31mERROR[0m [2mtb_provider_market[0m[2m:[0m Quote fetch error for ETHUSDT: error returned from database: (code: 787) FOREIGN KEY constraint failed
[2m2026-02-04T06:10:30.305292Z[0m [31mERROR[0m [2mtb_provider_market[0m[2m:[0m Bars fetch error for ETHUSDT: error returned from database: (code: 787) FOREIGN KEY constraint failed
[2m2026-02-04T06:10:30.342286Z[0m [31mERROR[0m [2mtb_provider_market[0m[2m:[0m Quote fetch error for SOLUSDT: error returned from database: (code: 787) FOREIGN KEY constraint failed
[2m2026-02-04T06:10:30.381114Z[0m [31mERROR[0m [2mtb_provider_market[0m[2m:[0m Bars fetch error for SOLUSDT: error returned from database: (code: 787) FOREIGN KEY constraint failed
[2m2026-02-04T06:10:35.419678Z[0m [31mERROR[0m [2mtb_provider_market[0m[2m:[0m Quote fetch error for BTCUSDT: error returned from database: (code: 787) FOREIGN KEY constraint failed
[2m2026-02-04T06:10:35.459427Z[0m [31mERROR[0m [2mtb_provider_market[0m[2m:[0m Bars fetch error for BTCUSDT: error returned from database: (code: 787) FOREIGN KEY constraint failed
[2m2026-02-04T06:10:35.496793Z[0m [31mERROR[0m [2mtb_provider_market[0m[2m:[0m Quote fetch error for ETHUSDT: error returned from database: (code: 787) FOREIGN KEY constraint failed
[2m2026-02-04T06:10:35.536072Z[0m [31mERROR[0m [2mtb_provider_market[0m[2m:[0m Bars fetch error for ETHUSDT: error returned from database: (code: 787) FOREIGN KEY constraint failed
[2m2026-02-04T06:10:35.573118Z[0m [31mERROR[0m [2mtb_provider_market[0m[2m:[0m Quote fetch error for SOLUSDT: error returned from database: (code: 787) FOREIGN KEY constraint failed
[2m2026-02-04T06:10:35.612079Z[0m [31mERROR[0m [2mtb_provider_market[0m[2m:[0m Bars fetch error for SOLUSDT: error returned from database: (code: 787) FOREIGN KEY constraint failed
[2m2026-02-04T06:10:40.651052Z[0m [31mERROR[0m [2mtb_provider_market[0m[2m:[0m Quote fetch error for BTCUSDT: error returned from database: (code: 787) FOREIGN KEY constraint failed
[2m2026-02-04T06:10:40.690419Z[0m [31mERROR[0m [2mtb_provider_market[0m[2m:[0m Bars fetch error for BTCUSDT: error returned from database: (code: 787) FOREIGN KEY constraint failed
[2m2026-02-04T06:10:40.727008Z[0m [31mERROR[0m [2mtb_provider_market[0m[2m:[0m Quote fetch error for ETHUSDT: error returned from database: (code: 787) FOREIGN KEY constraint failed
[2m2026-02-04T06:10:40.765543Z[0m [31mERROR[0m [2mtb_provider_market[0m[2m:[0m Bars fetch error for ETHUSDT: error returned from database: (code: 787) FOREIGN KEY constraint failed
[2m2026-02-04T06:10:40.802589Z[0m [31mERROR[0m [2mtb_provider_market[0m[2m:[0m Quote fetch error for SOLUSDT: error returned from database: (code: 787) FOREIGN KEY constraint failed
[2m2026-02-04T06:10:40.841914Z[0m [31mERROR[0m [2mtb_provider_market[0m[2m:[0m Bars fetch error for SOLUSDT: error returned from database: (code: 787) FOREIGN KEY constraint failed
[2m2026-02-04T06:10:45.881094Z[0m [31mERROR[0m [2mtb_provider_market[0m[2m:[0m Quote fetch error for BTCUSDT: error returned from database: (code: 787) FOREIGN KEY constraint failed
[2m2026-02-04T06:10:45.920074Z[0m [31mERROR[0m [2mtb_provider_market[0m[2m:[0m Bars fetch error for BTCUSDT: error returned from database: (code: 787) FOREIGN KEY constraint failed
[2m2026-02-04T06:10:45.956676Z[0m [31mERROR[0m [2mtb_provider_market[0m[2m:[0m Quote fetch error for ETHUSDT: error returned from database: (code: 787) FOREIGN KEY constraint failed
[2m2026-02-04T06:10:45.995546Z[0m [31mERROR[0m [2mtb_provider_market[0m[2m:[0m Bars fetch error for ETHUSDT: error returned from database: (code: 787) FOREIGN KEY constraint failed
[2m2026-02-04T06:10:46.032747Z[0m [31mERROR[0m [2mtb_provider_market[0m[2m:[0m Quote fetch error for SOLUSDT: error returned from database: (code: 787) FOREIGN KEY constraint failed
[2m2026-02-04T06:10:46.071913Z[0m [31mERROR[0m [2mtb_provider_market[0m[2m:[0m Bars fetch error for SOLUSDT: error returned from database: (code: 787) FOREIGN KEY constraint failed
[2m2026-02-04T06:10:51.110942Z[0m [31mERROR[0m [2mtb_provider_market[0m[2m:[0m Quote fetch error for BTCUSDT: error returned from database: (code: 787) FOREIGN KEY constraint failed
[2m2026-02-04T06:10:51.149552Z[0m [31mERROR[0m [2mtb_provider_market[0m[2m:[0m Bars fetch error for BTCUSDT: error returned from database: (code: 787) FOREIGN KEY constraint failed
[2m2026-02-04T06:10:51.186261Z[0m [31mERROR[0m [2mtb_provider_market[0m[2m:[0m Quote fetch error for ETHUSDT: error returned from database: (code: 787) FOREIGN KEY constraint failed
[2m2026-02-04T06:10:51.224721Z[0m [31mERROR[0m [2mtb_provider_market[0m[2m:[0m Bars fetch error for ETHUSDT: error returned from database: (code: 787) FOREIGN KEY constraint failed
[2m2026-02-04T06:10:51.261497Z[0m [31mERROR[0m [2mtb_provider_market[0m[2m:[0m Quote fetch error for SOLUSDT: error returned from database: (code: 787) FOREIGN KEY constraint failed
[2m2026-02-04T06:10:51.300242Z[0m [31mERROR[0m [2mtb_provider_market[0m[2m:[0m Bars fetch error for SOLUSDT: error returned from database: (code: 787) FOREIGN KEY constraint failed
[2m2026-02-04T06:10:56.337997Z[0m [31mERROR[0m [2mtb_provider_market[0m[2m:[0m Quote fetch error for BTCUSDT: error returned from database: (code: 787) FOREIGN KEY constraint failed
[2m2026-02-04T06:10:56.376220Z[0m [31mERROR[0m [2mtb_provider_market[0m[2m:[0m Bars fetch error for BTCUSDT: error returned from database: (code: 787) FOREIGN KEY constraint failed
[2m2026-02-04T06:10:56.413061Z[0m [31mERROR[0m [2mtb_provider_market[0m[2m:[0m Quote fetch error for ETHUSDT: error returned from database: (code: 787) FOREIGN KEY constraint failed
[2m2026-02-04T06:10:56.452869Z[0m [31mERROR[0m [2mtb_provider_market[0m[2m:[0m Bars fetch error for ETHUSDT: error returned from database: (code: 787) FOREIGN KEY constraint failed
[2m2026-02-04T06:10:56.490226Z[0m [31mERROR[0m [2mtb_provider_market[0m[2m:[0m Quote fetch error for SOLUSDT: error returned from database: (code: 787) FOREIGN KEY constraint failed
[2m2026-02-04T06:10:56.529045Z[0m [31mERROR[0m [2mtb_provider_market[0m[2m:[0m Bars fetch error for SOLUSDT: error returned from database: (code: 787) FOREIGN KEY constraint failed
[2m2026-02-04T06:11:01.567808Z[0m [31mERROR[0m [2mtb_provider_market[0m[2m:[0m Quote fetch error for BTCUSDT: error returned from database: (code: 787) FOREIGN KEY constraint failed
[2m2026-02-04T06:11:01.606609Z[0m [31mERROR[0m [2mtb_provider_market[0m[2m:[0m Bars fetch error for BTCUSDT: error returned from database: (code: 787) FOREIGN KEY constraint failed
[2m2026-02-04T06:11:01.643359Z[0m [31mERROR[0m [2mtb_provider_market[0m[2m:[0m Quote fetch error for ETHUSDT: error returned from database: (code: 787) FOREIGN KEY constraint failed
[2m2026-02-04T06:11:01.681932Z[0m [31mERROR[0m [2mtb_provider_market[0m[2m:[0m Bars fetch error for ETHUSDT: error returned from database: (code: 787) FOREIGN KEY constraint failed
[2m2026-02-04T06:11:01.718672Z[0m [31mERROR[0m [2mtb_provider_market[0m[2m:[0m Quote fetch error for SOLUSDT: error returned from database: (code: 787) FOREIGN KEY constraint failed
[2m2026-02-04T06:11:01.757084Z[0m [31mERROR[0m [2mtb_provider_market[0m[2m:[0m Bars fetch error for SOLUSDT: error returned from database: (code: 787) FOREIGN KEY constraint failed
[2m2026-02-04T06:11:06.796083Z[0m [31mERROR[0m [2mtb_provider_market[0m[2m:[0m Quote fetch error for BTCUSDT: error returned from database: (code: 787) FOREIGN KEY constraint failed
[2m2026-02-04T06:11:06.834527Z[0m [31mERROR[0m [2mtb_provider_market[0m[2m:[0m Bars fetch error for BTCUSDT: error returned from database: (code: 787) FOREIGN KEY constraint failed
[2m2026-02-04T06:11:06.880514Z[0m [31mERROR[0m [2mtb_provider_market[0m[2m:[0m Quote fetch error for ETHUSDT: error returned from database: (code: 787) FOREIGN KEY constraint failed
[2m2026-02-04T06:11:06.919258Z[0m [31mERROR[0m [2mtb_provider_market[0m[2m:[0m Bars fetch error for ETHUSDT: error returned from database: (code: 787) FOREIGN KEY constraint failed
[2m2026-02-04T06:11:06.955778Z[0m [31mERROR[0m [2mtb_provider_market[0m[2m:[0m Quote fetch error for SOLUSDT: error returned from database: (code: 787) FOREIGN KEY constraint failed
[2m2026-02-04T06:11:06.994546Z[0m [31mERROR[0m [2mtb_provider_market[0m[2m:[0m Bars fetch error for SOLUSDT: error returned from database: (code: 787) FOREIGN KEY constraint failed
[2m2026-02-04T06:11:12.033613Z[0m [31mERROR[0m [2mtb_provider_market[0m[2m:[0m Quote fetch error for BTCUSDT: error returned from database: (code: 787) FOREIGN KEY constraint failed
[2m2026-02-04T06:11:12.073414Z[0m [31mERROR[0m [2mtb_provider_market[0m[2m:[0m Bars fetch error for BTCUSDT: error returned from database: (code: 787) FOREIGN KEY constraint failed
[2m2026-02-04T06:11:12.110596Z[0m [31mERROR[0m [2mtb_provider_market[0m[2m:[0m Quote fetch error for ETHUSDT: error returned from database: (code: 787) FOREIGN KEY constraint failed
[2m2026-02-04T06:11:12.149372Z[0m [31mERROR[0m [2mtb_provider_market[0m[2m:[0m Bars fetch error for ETHUSDT: error returned from database: (code: 787) FOREIGN KEY constraint failed
[2m2026-02-04T06:11:12.187117Z[0m [31mERROR[0m [2mtb_provider_market[0m[2m:[0m Quote fetch error for SOLUSDT: error returned from database: (code: 787) FOREIGN KEY constraint failed
[2m2026-02-04T06:11:12.227135Z[0m [31mERROR[0m [2mtb_provider_market[0m[2m:[0m Bars fetch error for SOLUSDT: error returned from database: (code: 787) FOREIGN KEY constraint failed
[2m2026-02-04T06:11:17.265401Z[0m [31mERROR[0m [2mtb_provider_market[0m[2m:[0m Quote fetch error for BTCUSDT: error returned from database: (code: 787) FOREIGN KEY constraint failed
[2m2026-02-04T06:11:17.305575Z[0m [31mERROR[0m [2mtb_provider_market[0m[2m:[0m Bars fetch error for BTCUSDT: error returned from database: (code: 787) FOREIGN KEY constraint failed
[2m2026-02-04T06:11:17.342606Z[0m [31mERROR[0m [2mtb_provider_market[0m[2m:[0m Quote fetch error for ETHUSDT: error returned from database: (code: 787) FOREIGN KEY constraint failed
[2m2026-02-04T06:11:17.382233Z[0m [31mERROR[0m [2mtb_provider_market[0m[2m:[0m Bars fetch error for ETHUSDT: error returned from database: (code: 787) FOREIGN KEY constraint failed
[2m2026-02-04T06:11:17.420002Z[0m [31mERROR[0m [2mtb_provider_market[0m[2m:[0m Quote fetch error for SOLUSDT: error returned from database: (code: 787) FOREIGN KEY constraint failed
[2m2026-02-04T06:11:17.459091Z[0m [31mERROR[0m [2mtb_provider_market[0m[2m:[0m Bars fetch error for SOLUSDT: error returned from database: (code: 787) FOREIGN KEY constraint failed
[2m2026-02-04T06:11:22.499674Z[0m [31mERROR[0m [2mtb_provider_market[0m[2m:[0m Quote fetch error for BTCUSDT: error returned from database: (code: 787) FOREIGN KEY constraint failed
[2m2026-02-04T06:11:22.540867Z[0m [31mERROR[0m [2mtb_provider_market[0m[2m:[0m Bars fetch error for BTCUSDT: error returned from database: (code: 787) FOREIGN KEY constraint failed
[2m2026-02-04T06:11:22.579402Z[0m [31mERROR[0m [2mtb_provider_market[0m[2m:[0m Quote fetch error for ETHUSDT: error returned from database: (code: 787) FOREIGN KEY constraint failed
[2m2026-02-04T06:11:22.624665Z[0m [31mERROR[0m [2mtb_provider_market[0m[2m:[0m Bars fetch error for ETHUSDT: error returned from database: (code: 787) FOREIGN KEY constraint failed
[2m2026-02-04T06:11:22.664817Z[0m [31mERROR[0m [2mtb_provider_market[0m[2m:[0m Quote fetch error for SOLUSDT: error returned from database: (code: 787) FOREIGN KEY constraint failed
[2m2026-02-04T06:11:22.705163Z[0m [31mERROR[0m [2mtb_provider_market[0m[2m:[0m Bars fetch error for SOLUSDT: error returned from database: (code: 787) FOREIGN KEY constraint failed
[2m2026-02-04T06:11:27.744885Z[0m [31mERROR[0m [2mtb_provider_market[0m[2m:[0m Quote fetch error for BTCUSDT: error returned from database: (code: 787) FOREIGN KEY constraint failed
[2m2026-02-04T06:11:27.783766Z[0m [31mERROR[0m [2mtb_provider_market[0m[2m:[0m Bars fetch error for BTCUSDT: error returned from database: (code: 787) FOREIGN KEY constraint failed
[2m2026-02-04T06:11:27.820726Z[0m [31mERROR[0m [2mtb_provider_market[0m[2m:[0m Quote fetch error for ETHUSDT: error returned from database: (code: 787) FOREIGN KEY constraint failed
[2m2026-02-04T06:11:27.859418Z[0m [31mERROR[0m [2mtb_provider_market[0m[2m:[0m Bars fetch error for ETHUSDT: error returned from database: (code: 787) FOREIGN KEY constraint failed
[2m2026-02-04T06:11:27.896437Z[0m [31mERROR[0m [2mtb_provider_market[0m[2m:[0m Quote fetch error for SOLUSDT: error returned from database: (code: 787) FOREIGN KEY constraint failed
[2m2026-02-04T06:11:27.934946Z[0m [31mERROR[0m [2mtb_provider_market[0m[2m:[0m Bars fetch error for SOLUSDT: error returned from database: (code: 787) FOREIGN KEY constraint failed
[2m2026-02-04T06:11:32.974375Z[0m [31mERROR[0m [2mtb_provider_market[0m[2m:[0m Quote fetch error for BTCUSDT: error returned from database: (code: 787) FOREIGN KEY constraint failed
[2m2026-02-04T06:11:33.014010Z[0m [31mERROR[0m [2mtb_provider_market[0m[2m:[0m Bars fetch error for BTCUSDT: error returned from database: (code: 787) FOREIGN KEY constraint failed
[2m2026-02-04T06:11:33.051475Z[0m [31mERROR[0m [2mtb_provider_market[0m[2m:[0m Quote fetch error for ETHUSDT: error returned from database: (code: 787) FOREIGN KEY constraint failed
[2m2026-02-04T06:11:33.091637Z[0m [31mERROR[0m [2mtb_provider_market[0m[2m:[0m Bars fetch error for ETHUSDT: error returned from database: (code: 787) FOREIGN KEY constraint failed
[2m2026-02-04T06:11:33.129861Z[0m [31mERROR[0m [2mtb_provider_market[0m[2m:[0m Quote fetch error for SOLUSDT: error returned from database: (code: 787) FOREIGN KEY constraint failed
[2m2026-02-04T06:11:33.168964Z[0m [31mERROR[0m [2mtb_provider_market[0m[2m:[0m Bars fetch error for SOLUSDT: error returned from database: (code: 787) FOREIGN KEY constraint failed
[2m2026-02-04T06:11:38.230173Z[0m [31mERROR[0m [2mtb_provider_market[0m[2m:[0m Quote fetch error for BTCUSDT: error returned from database: (code: 787) FOREIGN KEY constraint failed
[2m2026-02-04T06:11:38.270500Z[0m [31mERROR[0m [2mtb_provider_market[0m[2m:[0m Bars fetch error for BTCUSDT: error returned from database: (code: 787) FOREIGN KEY constraint failed
[2m2026-02-04T06:11:38.318222Z[0m [31mERROR[0m [2mtb_provider_market[0m[2m:[0m Quote fetch error for ETHUSDT: error returned from database: (code: 787) FOREIGN KEY constraint failed
[2m2026-02-04T06:11:38.363386Z[0m [31mERROR[0m [2mtb_provider_market[0m[2m:[0m Bars fetch error for ETHUSDT: error returned from database: (code: 787) FOREIGN KEY constraint failed
[2m2026-02-04T06:11:38.414946Z[0m [31mERROR[0m [2mtb_provider_market[0m[2m:[0m Quote fetch error for SOLUSDT: error returned from database: (code: 787) FOREIGN KEY constraint failed
[2m2026-02-04T06:11:38.467076Z[0m [31mERROR[0m [2mtb_provider_market[0m[2m:[0m Bars fetch error for SOLUSDT: error returned from database: (code: 787) FOREIGN KEY constraint failed
[2m2026-02-04T06:11:43.506706Z[0m [31mERROR[0m [2mtb_provider_market[0m[2m:[0m Quote fetch error for BTCUSDT: error returned from database: (code: 787) FOREIGN KEY constraint failed
[2m2026-02-04T06:11:43.545593Z[0m [31mERROR[0m [2mtb_provider_market[0m[2m:[0m Bars fetch error for BTCUSDT: error returned from database: (code: 787) FOREIGN KEY constraint failed
[2m2026-02-04T06:11:43.583762Z[0m [31mERROR[0m [2mtb_provider_market[0m[2m:[0m Quote fetch error for ETHUSDT: error returned from database: (code: 787) FOREIGN KEY constraint failed
[2m2026-02-04T06:11:43.622593Z[0m [31mERROR[0m [2mtb_provider_market[0m[2m:[0m Bars fetch error for ETHUSDT: error returned from database: (code: 787) FOREIGN KEY constraint failed
[2m2026-02-04T06:11:43.660110Z[0m [31mERROR[0m [2mtb_provider_market[0m[2m:[0m Quote fetch error for SOLUSDT: error returned from database: (code: 787) FOREIGN KEY constraint failed
[2m2026-02-04T06:11:43.699571Z[0m [31mERROR[0m [2mtb_provider_market[0m[2m:[0m Bars fetch error for SOLUSDT: error returned from database: (code: 787) FOREIGN KEY constraint failed
[2m2026-02-04T06:11:48.737725Z[0m [31mERROR[0m [2mtb_provider_market[0m[2m:[0m Quote fetch error for BTCUSDT: error returned from database: (code: 787) FOREIGN KEY constraint failed
[2m2026-02-04T06:11:48.777254Z[0m [31mERROR[0m [2mtb_provider_market[0m[2m:[0m Bars fetch error for BTCUSDT: error returned from database: (code: 787) FOREIGN KEY constraint failed
[2m2026-02-04T06:11:48.814016Z[0m [31mERROR[0m [2mtb_provider_market[0m[2m:[0m Quote fetch error for ETHUSDT: error returned from database: (code: 787) FOREIGN KEY constraint failed
[2m2026-02-04T06:11:48.852937Z[0m [31mERROR[0m [2mtb_provider_market[0m[2m:[0m Bars fetch error for ETHUSDT: error returned from database: (code: 787) FOREIGN KEY constraint failed
[2m2026-02-04T06:11:48.888977Z[0m [31mERROR[0m [2mtb_provider_market[0m[2m:[0m Quote fetch error for SOLUSDT: error returned from database: (code: 787) FOREIGN KEY constraint failed
[2m2026-02-04T06:11:48.927502Z[0m [31mERROR[0m [2mtb_provider_market[0m[2m:[0m Bars fetch error for SOLUSDT: error returned from database: (code: 787) FOREIGN KEY constraint failed
[2m2026-02-04T06:11:53.967626Z[0m [31mERROR[0m [2mtb_provider_market[0m[2m:[0m Quote fetch error for BTCUSDT: error returned from database: (code: 787) FOREIGN KEY constraint failed
[2m2026-02-04T06:11:54.007516Z[0m [31mERROR[0m [2mtb_provider_market[0m[2m:[0m Bars fetch error for BTCUSDT: error returned from database: (code: 787) FOREIGN KEY constraint failed
[2m2026-02-04T06:11:54.045220Z[0m [31mERROR[0m [2mtb_provider_market[0m[2m:[0m Quote fetch error for ETHUSDT: error returned from database: (code: 787) FOREIGN KEY constraint failed
[2m2026-02-04T06:11:54.083553Z[0m [31mERROR[0m [2mtb_provider_market[0m[2m:[0m Bars fetch error for ETHUSDT: error returned from database: (code: 787) FOREIGN KEY constraint failed
[2m2026-02-04T06:11:54.120155Z[0m [31mERROR[0m [2mtb_provider_market[0m[2m:[0m Quote fetch error for SOLUSDT: error returned from database: (code: 787) FOREIGN KEY constraint failed
[2m2026-02-04T06:11:54.158801Z[0m [31mERROR[0m [2mtb_provider_market[0m[2m:[0m Bars fetch error for SOLUSDT: error returned from database: (code: 787) FOREIGN KEY constraint failed
[2m2026-02-04T06:11:59.199086Z[0m [31mERROR[0m [2mtb_provider_market[0m[2m:[0m Quote fetch error for BTCUSDT: error returned from database: (code: 787) FOREIGN KEY constraint failed
[2m2026-02-04T06:11:59.238145Z[0m [31mERROR[0m [2mtb_provider_market[0m[2m:[0m Bars fetch error for BTCUSDT: error returned from database: (code: 787) FOREIGN KEY constraint failed
[2m2026-02-04T06:11:59.275194Z[0m [31mERROR[0m [2mtb_provider_market[0m[2m:[0m Quote fetch error for ETHUSDT: error returned from database: (code: 787) FOREIGN KEY constraint failed
[2m2026-02-04T06:11:59.314918Z[0m [31mERROR[0m [2mtb_provider_market[0m[2m:[0m Bars fetch error for ETHUSDT: error returned from database: (code: 787) FOREIGN KEY constraint failed
[2m2026-02-04T06:11:59.352038Z[0m [31mERROR[0m [2mtb_provider_market[0m[2m:[0m Quote fetch error for SOLUSDT: error returned from database: (code: 787) FOREIGN KEY constraint failed
[2m2026-02-04T06:11:59.390430Z[0m [31mERROR[0m [2mtb_provider_market[0m[2m:[0m Bars fetch error for SOLUSDT: error returned from database: (code: 787) FOREIGN KEY constraint failed
[2m2026-02-04T06:12:04.429542Z[0m [31mERROR[0m [2mtb_provider_market[0m[2m:[0m Quote fetch error for BTCUSDT: error returned from database: (code: 787) FOREIGN KEY constraint failed
[2m2026-02-04T06:12:04.468481Z[0m [31mERROR[0m [2mtb_provider_market[0m[2m:[0m Bars fetch error for BTCUSDT: error returned from database: (code: 787) FOREIGN KEY constraint failed
[2m2026-02-04T06:12:04.505374Z[0m [31mERROR[0m [2mtb_provider_market[0m[2m:[0m Quote fetch error for ETHUSDT: error returned from database: (code: 787) FOREIGN KEY constraint failed
[2m2026-02-04T06:12:04.544314Z[0m [31mERROR[0m [2mtb_provider_market[0m[2m:[0m Bars fetch error for ETHUSDT: error returned from database: (code: 787) FOREIGN KEY constraint failed
[2m2026-02-04T06:12:04.580939Z[0m [31mERROR[0m [2mtb_provider_market[0m[2m:[0m Quote fetch error for SOLUSDT: error returned from database: (code: 787) FOREIGN KEY constraint failed
[2m2026-02-04T06:12:04.621299Z[0m [31mERROR[0m [2mtb_provider_market[0m[2m:[0m Bars fetch error for SOLUSDT: error returned from database: (code: 787) FOREIGN KEY constraint failed
[2m2026-02-04T06:12:09.660388Z[0m [31mERROR[0m [2mtb_provider_market[0m[2m:[0m Quote fetch error for BTCUSDT: error returned from database: (code: 787) FOREIGN KEY constraint failed
[2m2026-02-04T06:12:09.700067Z[0m [31mERROR[0m [2mtb_provider_market[0m[2m:[0m Bars fetch error for BTCUSDT: error returned from database: (code: 787) FOREIGN KEY constraint failed
[2m2026-02-04T06:12:09.736231Z[0m [31mERROR[0m [2mtb_provider_market[0m[2m:[0m Quote fetch error for ETHUSDT: error returned from database: (code: 787) FOREIGN KEY constraint failed
[2m2026-02-04T06:12:09.775293Z[0m [31mERROR[0m [2mtb_provider_market[0m[2m:[0m Bars fetch error for ETHUSDT: error returned from database: (code: 787) FOREIGN KEY constraint failed
[2m2026-02-04T06:12:09.812362Z[0m [31mERROR[0m [2mtb_provider_market[0m[2m:[0m Quote fetch error for SOLUSDT: error returned from database: (code: 787) FOREIGN KEY constraint failed
[2m2026-02-04T06:12:09.851518Z[0m [31mERROR[0m [2mtb_provider_market[0m[2m:[0m Bars fetch error for SOLUSDT: error returned from database: (code: 787) FOREIGN KEY constraint failed
[2m2026-02-04T06:12:14.890129Z[0m [31mERROR[0m [2mtb_provider_market[0m[2m:[0m Quote fetch error for BTCUSDT: error returned from database: (code: 787) FOREIGN KEY constraint failed
[2m2026-02-04T06:12:14.928925Z[0m [31mERROR[0m [2mtb_provider_market[0m[2m:[0m Bars fetch error for BTCUSDT: error returned from database: (code: 787) FOREIGN KEY constraint failed
[2m2026-02-04T06:12:14.965650Z[0m [31mERROR[0m [2mtb_provider_market[0m[2m:[0m Quote fetch error for ETHUSDT: error returned from database: (code: 787) FOREIGN KEY constraint failed
[2m2026-02-04T06:12:15.006926Z[0m [31mERROR[0m [2mtb_provider_market[0m[2m:[0m Bars fetch error for ETHUSDT: error returned from database: (code: 787) FOREIGN KEY constraint failed
[2m2026-02-04T06:12:15.049896Z[0m [31mERROR[0m [2mtb_provider_market[0m[2m:[0m Quote fetch error for SOLUSDT: error returned from database: (code: 787) FOREIGN KEY constraint failed
[2m2026-02-04T06:12:15.089324Z[0m [31mERROR[0m [2mtb_provider_market[0m[2m:[0m Bars fetch error for SOLUSDT: error returned from database: (code: 787) FOREIGN KEY constraint failed
[2m2026-02-04T06:12:20.128366Z[0m [31mERROR[0m [2mtb_provider_market[0m[2m:[0m Quote fetch error for BTCUSDT: error returned from database: (code: 787) FOREIGN KEY constraint failed
[2m2026-02-04T06:12:20.167328Z[0m [31mERROR[0m [2mtb_provider_market[0m[2m:[0m Bars fetch error for BTCUSDT: error returned from database: (code: 787) FOREIGN KEY constraint failed
[2m2026-02-04T06:12:20.204123Z[0m [31mERROR[0m [2mtb_provider_market[0m[2m:[0m Quote fetch error for ETHUSDT: error returned from database: (code: 787) FOREIGN KEY constraint failed
[2m2026-02-04T06:12:20.243486Z[0m [31mERROR[0m [2mtb_provider_market[0m[2m:[0m Bars fetch error for ETHUSDT: error returned from database: (code: 787) FOREIGN KEY constraint failed
[2m2026-02-04T06:12:20.279838Z[0m [31mERROR[0m [2mtb_provider_market[0m[2m:[0m Quote fetch error for SOLUSDT: error returned from database: (code: 787) FOREIGN KEY constraint failed
[2m2026-02-04T06:12:20.319192Z[0m [31mERROR[0m [2mtb_provider_market[0m[2m:[0m Bars fetch error for SOLUSDT: error returned from database: (code: 787) FOREIGN KEY constraint failed
[2m2026-02-04T06:12:25.359288Z[0m [31mERROR[0m [2mtb_provider_market[0m[2m:[0m Quote fetch error for BTCUSDT: error returned from database: (code: 787) FOREIGN KEY constraint failed
[2m2026-02-04T06:12:25.398084Z[0m [31mERROR[0m [2mtb_provider_market[0m[2m:[0m Bars fetch error for BTCUSDT: error returned from database: (code: 787) FOREIGN KEY constraint failed
[2m2026-02-04T06:12:25.434716Z[0m [31mERROR[0m [2mtb_provider_market[0m[2m:[0m Quote fetch error for ETHUSDT: error returned from database: (code: 787) FOREIGN KEY constraint failed
[2m2026-02-04T06:12:25.473157Z[0m [31mERROR[0m [2mtb_provider_market[0m[2m:[0m Bars fetch error for ETHUSDT: error returned from database: (code: 787) FOREIGN KEY constraint failed
[2m2026-02-04T06:12:25.510195Z[0m [31mERROR[0m [2mtb_provider_market[0m[2m:[0m Quote fetch error for SOLUSDT: error returned from database: (code: 787) FOREIGN KEY constraint failed
[2m2026-02-04T06:12:25.549107Z[0m [31mERROR[0m [2mtb_provider_market[0m[2m:[0m Bars fetch error for SOLUSDT: error returned from database: (code: 787) FOREIGN KEY constraint failed
[2m2026-02-04T06:12:30.587600Z[0m [31mERROR[0m [2mtb_provider_market[0m[2m:[0m Quote fetch error for BTCUSDT: error returned from database: (code: 787) FOREIGN KEY constraint failed
[2m2026-02-04T06:12:30.627076Z[0m [31mERROR[0m [2mtb_provider_market[0m[2m:[0m Bars fetch error for BTCUSDT: error returned from database: (code: 787) FOREIGN KEY constraint failed
[2m2026-02-04T06:12:30.664038Z[0m [31mERROR[0m [2mtb_provider_market[0m[2m:[0m Quote fetch error for ETHUSDT: error returned from database: (code: 787) FOREIGN KEY constraint failed
[2m2026-02-04T06:12:30.703743Z[0m [31mERROR[0m [2mtb_provider_market[0m[2m:[0m Bars fetch error for ETHUSDT: error returned from database: (code: 787) FOREIGN KEY constraint failed
[2m2026-02-04T06:12:30.740626Z[0m [31mERROR[0m [2mtb_provider_market[0m[2m:[0m Quote fetch error for SOLUSDT: error returned from database: (code: 787) FOREIGN KEY constraint failed
[2m2026-02-04T06:12:30.778806Z[0m [31mERROR[0m [2mtb_provider_market[0m[2m:[0m Bars fetch error for SOLUSDT: error returned from database: (code: 787) FOREIGN KEY constraint failed
[2m2026-02-04T06:12:35.818187Z[0m [31mERROR[0m [2mtb_provider_market[0m[2m:[0m Quote fetch error for BTCUSDT: error returned from database: (code: 787) FOREIGN KEY constraint failed
[2m2026-02-04T06:12:35.858567Z[0m [31mERROR[0m [2mtb_provider_market[0m[2m:[0m Bars fetch error for BTCUSDT: error returned from database: (code: 787) FOREIGN KEY constraint failed
[2m2026-02-04T06:12:35.896311Z[0m [31mERROR[0m [2mtb_provider_market[0m[2m:[0m Quote fetch error for ETHUSDT: error returned from database: (code: 787) FOREIGN KEY constraint failed
[2m2026-02-04T06:12:35.934968Z[0m [31mERROR[0m [2mtb_provider_market[0m[2m:[0m Bars fetch error for ETHUSDT: error returned from database: (code: 787) FOREIGN KEY constraint failed
[2m2026-02-04T06:12:35.971995Z[0m [31mERROR[0m [2mtb_provider_market[0m[2m:[0m Quote fetch error for SOLUSDT: error returned from database: (code: 787) FOREIGN KEY constraint failed
[2m2026-02-04T06:12:36.015019Z[0m [31mERROR[0m [2mtb_provider_market[0m[2m:[0m Bars fetch error for SOLUSDT: error returned from database: (code: 787) FOREIGN KEY constraint failed
[2m2026-02-04T06:12:41.055619Z[0m [31mERROR[0m [2mtb_provider_market[0m[2m:[0m Quote fetch error for BTCUSDT: error returned from database: (code: 787) FOREIGN KEY constraint failed
[2m2026-02-04T06:12:41.095416Z[0m [31mERROR[0m [2mtb_provider_market[0m[2m:[0m Bars fetch error for BTCUSDT: error returned from database: (code: 787) FOREIGN KEY constraint failed
[2m2026-02-04T06:12:41.133542Z[0m [31mERROR[0m [2mtb_provider_market[0m[2m:[0m Quote fetch error for ETHUSDT: error returned from database: (code: 787) FOREIGN KEY constraint failed
[2m2026-02-04T06:12:41.172297Z[0m [31mERROR[0m [2mtb_provider_market[0m[2m:[0m Bars fetch error for ETHUSDT: error returned from database: (code: 787) FOREIGN KEY constraint failed
[2m2026-02-04T06:12:41.209099Z[0m [31mERROR[0m [2mtb_provider_market[0m[2m:[0m Quote fetch error for SOLUSDT: error returned from database: (code: 787) FOREIGN KEY constraint failed
[2m2026-02-04T06:12:41.247853Z[0m [31mERROR[0m [2mtb_provider_market[0m[2m:[0m Bars fetch error for SOLUSDT: error returned from database: (code: 787) FOREIGN KEY constraint failed
[2m2026-02-04T06:12:46.287305Z[0m [31mERROR[0m [2mtb_provider_market[0m[2m:[0m Quote fetch error for BTCUSDT: error returned from database: (code: 787) FOREIGN KEY constraint failed
[2m2026-02-04T06:12:46.325810Z[0m [31mERROR[0m [2mtb_provider_market[0m[2m:[0m Bars fetch error for BTCUSDT: error returned from database: (code: 787) FOREIGN KEY constraint failed
[2m2026-02-04T06:12:46.362438Z[0m [31mERROR[0m [2mtb_provider_market[0m[2m:[0m Quote fetch error for ETHUSDT: error returned from database: (code: 787) FOREIGN KEY constraint failed
[2m2026-02-04T06:12:46.401458Z[0m [31mERROR[0m [2mtb_provider_market[0m[2m:[0m Bars fetch error for ETHUSDT: error returned from database: (code: 787) FOREIGN KEY constraint failed
[2m2026-02-04T06:12:46.438327Z[0m [31mERROR[0m [2mtb_provider_market[0m[2m:[0m Quote fetch error for SOLUSDT: error returned from database: (code: 787) FOREIGN KEY constraint failed
[2m2026-02-04T06:12:46.476355Z[0m [31mERROR[0m [2mtb_provider_market[0m[2m:[0m Bars fetch error for SOLUSDT: error returned from database: (code: 787) FOREIGN KEY constraint failed
[2m2026-02-04T06:12:51.515216Z[0m [31mERROR[0m [2mtb_provider_market[0m[2m:[0m Quote fetch error for BTCUSDT: error returned from database: (code: 787) FOREIGN KEY constraint failed
[2m2026-02-04T06:12:51.554998Z[0m [31mERROR[0m [2mtb_provider_market[0m[2m:[0m Bars fetch error for BTCUSDT: error returned from database: (code: 787) FOREIGN KEY constraint failed
[2m2026-02-04T06:12:51.592231Z[0m [31mERROR[0m [2mtb_provider_market[0m[2m:[0m Quote fetch error for ETHUSDT: error returned from database: (code: 787) FOREIGN KEY constraint failed
[2m2026-02-04T06:12:51.630983Z[0m [31mERROR[0m [2mtb_provider_market[0m[2m:[0m Bars fetch error for ETHUSDT: error returned from database: (code: 787) FOREIGN KEY constraint failed
[2m2026-02-04T06:12:51.667408Z[0m [31mERROR[0m [2mtb_provider_market[0m[2m:[0m Quote fetch error for SOLUSDT: error returned from database: (code: 787) FOREIGN KEY constraint failed
[2m2026-02-04T06:12:51.706106Z[0m [31mERROR[0m [2mtb_provider_market[0m[2m:[0m Bars fetch error for SOLUSDT: error returned from database: (code: 787) FOREIGN KEY constraint failed
[2m2026-02-04T06:12:56.745084Z[0m [31mERROR[0m [2mtb_provider_market[0m[2m:[0m Quote fetch error for BTCUSDT: error returned from database: (code: 787) FOREIGN KEY constraint failed
[2m2026-02-04T06:12:56.783605Z[0m [31mERROR[0m [2mtb_provider_market[0m[2m:[0m Bars fetch error for BTCUSDT: error returned from database: (code: 787) FOREIGN KEY constraint failed
[2m2026-02-04T06:12:56.820971Z[0m [31mERROR[0m [2mtb_provider_market[0m[2m:[0m Quote fetch error for ETHUSDT: error returned from database: (code: 787) FOREIGN KEY constraint failed
[2m2026-02-04T06:12:56.860054Z[0m [31mERROR[0m [2mtb_provider_market[0m[2m:[0m Bars fetch error for ETHUSDT: error returned from database: (code: 787) FOREIGN KEY constraint failed
[2m2026-02-04T06:12:56.897044Z[0m [31mERROR[0m [2mtb_provider_market[0m[2m:[0m Quote fetch error for SOLUSDT: error returned from database: (code: 787) FOREIGN KEY constraint failed
[2m2026-02-04T06:12:56.936239Z[0m [31mERROR[0m [2mtb_provider_market[0m[2m:[0m Bars fetch error for SOLUSDT: error returned from database: (code: 787) FOREIGN KEY constraint failed
[2m2026-02-04T06:13:01.974798Z[0m [31mERROR[0m [2mtb_provider_market[0m[2m:[0m Quote fetch error for BTCUSDT: error returned from database: (code: 787) FOREIGN KEY constraint failed
[2m2026-02-04T06:13:02.013354Z[0m [31mERROR[0m [2mtb_provider_market[0m[2m:[0m Bars fetch error for BTCUSDT: error returned from database: (code: 787) FOREIGN KEY constraint failed
[2m2026-02-04T06:13:02.052285Z[0m [31mERROR[0m [2mtb_provider_market[0m[2m:[0m Quote fetch error for ETHUSDT: error returned from database: (code: 787) FOREIGN KEY constraint failed
[2m2026-02-04T06:13:02.095518Z[0m [31mERROR[0m [2mtb_provider_market[0m[2m:[0m Bars fetch error for ETHUSDT: error returned from database: (code: 787) FOREIGN KEY constraint failed
[2m2026-02-04T06:13:02.132788Z[0m [31mERROR[0m [2mtb_provider_market[0m[2m:[0m Quote fetch error for SOLUSDT: error returned from database: (code: 787) FOREIGN KEY constraint failed
[2m2026-02-04T06:13:02.171324Z[0m [31mERROR[0m [2mtb_provider_market[0m[2m:[0m Bars fetch error for SOLUSDT: error returned from database: (code: 787) FOREIGN KEY constraint failed
[2m2026-02-04T06:13:07.210461Z[0m [31mERROR[0m [2mtb_provider_market[0m[2m:[0m Quote fetch error for BTCUSDT: error returned from database: (code: 787) FOREIGN KEY constraint failed
[2m2026-02-04T06:13:07.249526Z[0m [31mERROR[0m [2mtb_provider_market[0m[2m:[0m Bars fetch error for BTCUSDT: error returned from database: (code: 787) FOREIGN KEY constraint failed
[2m2026-02-04T06:13:07.286771Z[0m [31mERROR[0m [2mtb_provider_market[0m[2m:[0m Quote fetch error for ETHUSDT: error returned from database: (code: 787) FOREIGN KEY constraint failed
[2m2026-02-04T06:13:07.326692Z[0m [31mERROR[0m [2mtb_provider_market[0m[2m:[0m Bars fetch error for ETHUSDT: error returned from database: (code: 787) FOREIGN KEY constraint failed
[2m2026-02-04T06:13:07.363605Z[0m [31mERROR[0m [2mtb_provider_market[0m[2m:[0m Quote fetch error for SOLUSDT: error returned from database: (code: 787) FOREIGN KEY constraint failed
[2m2026-02-04T06:13:07.401980Z[0m [31mERROR[0m [2mtb_provider_market[0m[2m:[0m Bars fetch error for SOLUSDT: error returned from database: (code: 787) FOREIGN KEY constraint failed
[2m2026-02-04T06:13:12.440057Z[0m [31mERROR[0m [2mtb_provider_market[0m[2m:[0m Quote fetch error for BTCUSDT: error returned from database: (code: 787) FOREIGN KEY constraint failed
[2m2026-02-04T06:13:12.478503Z[0m [31mERROR[0m [2mtb_provider_market[0m[2m:[0m Bars fetch error for BTCUSDT: error returned from database: (code: 787) FOREIGN KEY constraint failed
[2m2026-02-04T06:13:12.515911Z[0m [31mERROR[0m [2mtb_provider_market[0m[2m:[0m Quote fetch error for ETHUSDT: error returned from database: (code: 787) FOREIGN KEY constraint failed
[2m2026-02-04T06:13:12.554656Z[0m [31mERROR[0m [2mtb_provider_market[0m[2m:[0m Bars fetch error for ETHUSDT: error returned from database: (code: 787) FOREIGN KEY constraint failed
[2m2026-02-04T06:13:12.594286Z[0m [31mERROR[0m [2mtb_provider_market[0m[2m:[0m Quote fetch error for SOLUSDT: error returned from database: (code: 787) FOREIGN KEY constraint failed
[2m2026-02-04T06:13:12.633776Z[0m [31mERROR[0m [2mtb_provider_market[0m[2m:[0m Bars fetch error for SOLUSDT: error returned from database: (code: 787) FOREIGN KEY constraint failed
[2m2026-02-04T06:13:17.674012Z[0m [31mERROR[0m [2mtb_provider_market[0m[2m:[0m Quote fetch error for BTCUSDT: error returned from database: (code: 787) FOREIGN KEY constraint failed
[2m2026-02-04T06:13:17.712721Z[0m [31mERROR[0m [2mtb_provider_market[0m[2m:[0m Bars fetch error for BTCUSDT: error returned from database: (code: 787) FOREIGN KEY constraint failed
[2m2026-02-04T06:13:17.749648Z[0m [31mERROR[0m [2mtb_provider_market[0m[2m:[0m Quote fetch error for ETHUSDT: error returned from database: (code: 787) FOREIGN KEY constraint failed
[2m2026-02-04T06:13:17.789287Z[0m [31mERROR[0m [2mtb_provider_market[0m[2m:[0m Bars fetch error for ETHUSDT: error returned from database: (code: 787) FOREIGN KEY constraint failed
[2m2026-02-04T06:13:17.826540Z[0m [31mERROR[0m [2mtb_provider_market[0m[2m:[0m Quote fetch error for SOLUSDT: error returned from database: (code: 787) FOREIGN KEY constraint failed
[2m2026-02-04T06:13:17.866200Z[0m [31mERROR[0m [2mtb_provider_market[0m[2m:[0m Bars fetch error for SOLUSDT: error returned from database: (code: 787) FOREIGN KEY constraint failed
[2m2026-02-04T06:13:22.905213Z[0m [31mERROR[0m [2mtb_provider_market[0m[2m:[0m Quote fetch error for BTCUSDT: error returned from database: (code: 787) FOREIGN KEY constraint failed
[2m2026-02-04T06:13:22.944001Z[0m [31mERROR[0m [2mtb_provider_market[0m[2m:[0m Bars fetch error for BTCUSDT: error returned from database: (code: 787) FOREIGN KEY constraint failed
[2m2026-02-04T06:13:22.981097Z[0m [31mERROR[0m [2mtb_provider_market[0m[2m:[0m Quote fetch error for ETHUSDT: error returned from database: (code: 787) FOREIGN KEY constraint failed
[2m2026-02-04T06:13:23.019827Z[0m [31mERROR[0m [2mtb_provider_market[0m[2m:[0m Bars fetch error for ETHUSDT: error returned from database: (code: 787) FOREIGN KEY constraint failed
[2m2026-02-04T06:13:23.056848Z[0m [31mERROR[0m [2mtb_provider_market[0m[2m:[0m Quote fetch error for SOLUSDT: error returned from database: (code: 787) FOREIGN KEY constraint failed
[2m2026-02-04T06:13:23.096989Z[0m [31mERROR[0m [2mtb_provider_market[0m[2m:[0m Bars fetch error for SOLUSDT: error returned from database: (code: 787) FOREIGN KEY constraint failed
[2m2026-02-04T06:13:28.135488Z[0m [31mERROR[0m [2mtb_provider_market[0m[2m:[0m Quote fetch error for BTCUSDT: error returned from database: (code: 787) FOREIGN KEY constraint failed
[2m2026-02-04T06:13:28.174467Z[0m [31mERROR[0m [2mtb_provider_market[0m[2m:[0m Bars fetch error for BTCUSDT: error returned from database: (code: 787) FOREIGN KEY constraint failed
[2m2026-02-04T06:13:28.212130Z[0m [31mERROR[0m [2mtb_provider_market[0m[2m:[0m Quote fetch error for ETHUSDT: error returned from database: (code: 787) FOREIGN KEY constraint failed
[2m2026-02-04T06:13:28.251032Z[0m [31mERROR[0m [2mtb_provider_market[0m[2m:[0m Bars fetch error for ETHUSDT: error returned from database: (code: 787) FOREIGN KEY constraint failed
[2m2026-02-04T06:13:28.287982Z[0m [31mERROR[0m [2mtb_provider_market[0m[2m:[0m Quote fetch error for SOLUSDT: error returned from database: (code: 787) FOREIGN KEY constraint failed
[2m2026-02-04T06:13:28.326191Z[0m [31mERROR[0m [2mtb_provider_market[0m[2m:[0m Bars fetch error for SOLUSDT: error returned from database: (code: 787) FOREIGN KEY constraint failed
[2m2026-02-04T06:13:33.366411Z[0m [31mERROR[0m [2mtb_provider_market[0m[2m:[0m Quote fetch error for BTCUSDT: error returned from database: (code: 787) FOREIGN KEY constraint failed
[2m2026-02-04T06:13:33.407050Z[0m [31mERROR[0m [2mtb_provider_market[0m[2m:[0m Bars fetch error for BTCUSDT: error returned from database: (code: 787) FOREIGN KEY constraint failed
[2m2026-02-04T06:13:33.446262Z[0m [31mERROR[0m [2mtb_provider_market[0m[2m:[0m Quote fetch error for ETHUSDT: error returned from database: (code: 787) FOREIGN KEY constraint failed
[2m2026-02-04T06:13:33.488310Z[0m [31mERROR[0m [2mtb_provider_market[0m[2m:[0m Bars fetch error for ETHUSDT: error returned from database: (code: 787) FOREIGN KEY constraint failed
[2m2026-02-04T06:13:33.526278Z[0m [31mERROR[0m [2mtb_provider_market[0m[2m:[0m Quote fetch error for SOLUSDT: error returned from database: (code: 787) FOREIGN KEY constraint failed
[2m2026-02-04T06:13:33.567915Z[0m [31mERROR[0m [2mtb_provider_market[0m[2m:[0m Bars fetch error for SOLUSDT: error returned from database: (code: 787) FOREIGN KEY constraint failed
[2m2026-02-04T06:13:38.607035Z[0m [31mERROR[0m [2mtb_provider_market[0m[2m:[0m Quote fetch error for BTCUSDT: error returned from database: (code: 787) FOREIGN KEY constraint failed
[2m2026-02-04T06:13:38.645655Z[0m [31mERROR[0m [2mtb_provider_market[0m[2m:[0m Bars fetch error for BTCUSDT: error returned from database: (code: 787) FOREIGN KEY constraint failed
[2m2026-02-04T06:13:38.682632Z[0m [31mERROR[0m [2mtb_provider_market[0m[2m:[0m Quote fetch error for ETHUSDT: error returned from database: (code: 787) FOREIGN KEY constraint failed
[2m2026-02-04T06:13:38.721659Z[0m [31mERROR[0m [2mtb_provider_market[0m[2m:[0m Bars fetch error for ETHUSDT: error returned from database: (code: 787) FOREIGN KEY constraint failed
[2m2026-02-04T06:13:38.758712Z[0m [31mERROR[0m [2mtb_provider_market[0m[2m:[0m Quote fetch error for SOLUSDT: error returned from database: (code: 787) FOREIGN KEY constraint failed
[2m2026-02-04T06:13:38.797362Z[0m [31mERROR[0m [2mtb_provider_market[0m[2m:[0m Bars fetch error for SOLUSDT: error returned from database: (code: 787) FOREIGN KEY constraint failed
[2m2026-02-04T06:13:43.836549Z[0m [31mERROR[0m [2mtb_provider_market[0m[2m:[0m Quote fetch error for BTCUSDT: error returned from database: (code: 787) FOREIGN KEY constraint failed
[2m2026-02-04T06:13:43.876141Z[0m [31mERROR[0m [2mtb_provider_market[0m[2m:[0m Bars fetch error for BTCUSDT: error returned from database: (code: 787) FOREIGN KEY constraint failed
[2m2026-02-04T06:13:43.913084Z[0m [31mERROR[0m [2mtb_provider_market[0m[2m:[0m Quote fetch error for ETHUSDT: error returned from database: (code: 787) FOREIGN KEY constraint failed
[2m2026-02-04T06:13:43.952282Z[0m [31mERROR[0m [2mtb_provider_market[0m[2m:[0m Bars fetch error for ETHUSDT: error returned from database: (code: 787) FOREIGN KEY constraint failed
[2m2026-02-04T06:13:43.989520Z[0m [31mERROR[0m [2mtb_provider_market[0m[2m:[0m Quote fetch error for SOLUSDT: error returned from database: (code: 787) FOREIGN KEY constraint failed
[2m2026-02-04T06:13:44.028649Z[0m [31mERROR[0m [2mtb_provider_market[0m[2m:[0m Bars fetch error for SOLUSDT: error returned from database: (code: 787) FOREIGN KEY constraint failed
[2m2026-02-04T06:13:49.070311Z[0m [31mERROR[0m [2mtb_provider_market[0m[2m:[0m Quote fetch error for BTCUSDT: error returned from database: (code: 787) FOREIGN KEY constraint failed
[2m2026-02-04T06:13:49.110013Z[0m [31mERROR[0m [2mtb_provider_market[0m[2m:[0m Bars fetch error for BTCUSDT: error returned from database: (code: 787) FOREIGN KEY constraint failed
[2m2026-02-04T06:13:49.148024Z[0m [31mERROR[0m [2mtb_provider_market[0m[2m:[0m Quote fetch error for ETHUSDT: error returned from database: (code: 787) FOREIGN KEY constraint failed
[2m2026-02-04T06:13:49.195149Z[0m [31mERROR[0m [2mtb_provider_market[0m[2m:[0m Bars fetch error for ETHUSDT: error returned from database: (code: 787) FOREIGN KEY constraint failed
[2m2026-02-04T06:13:49.232772Z[0m [31mERROR[0m [2mtb_provider_market[0m[2m:[0m Quote fetch error for SOLUSDT: error returned from database: (code: 787) FOREIGN KEY constraint failed
[2m2026-02-04T06:13:49.272010Z[0m [31mERROR[0m [2mtb_provider_market[0m[2m:[0m Bars fetch error for SOLUSDT: error returned from database: (code: 787) FOREIGN KEY constraint failed
[2m2026-02-04T06:13:54.310707Z[0m [31mERROR[0m [2mtb_provider_market[0m[2m:[0m Quote fetch error for BTCUSDT: error returned from database: (code: 787) FOREIGN KEY constraint failed
[2m2026-02-04T06:13:54.350013Z[0m [31mERROR[0m [2mtb_provider_market[0m[2m:[0m Bars fetch error for BTCUSDT: error returned from database: (code: 787) FOREIGN KEY constraint failed
[2m2026-02-04T06:13:54.387393Z[0m [31mERROR[0m [2mtb_provider_market[0m[2m:[0m Quote fetch error for ETHUSDT: error returned from database: (code: 787) FOREIGN KEY constraint failed
[2m2026-02-04T06:13:54.426368Z[0m [31mERROR[0m [2mtb_provider_market[0m[2m:[0m Bars fetch error for ETHUSDT: error returned from database: (code: 787) FOREIGN KEY constraint failed
[2m2026-02-04T06:13:54.464014Z[0m [31mERROR[0m [2mtb_provider_market[0m[2m:[0m Quote fetch error for SOLUSDT: error returned from database: (code: 787) FOREIGN KEY constraint failed
[2m2026-02-04T06:13:54.502955Z[0m [31mERROR[0m [2mtb_provider_market[0m[2m:[0m Bars fetch error for SOLUSDT: error returned from database: (code: 787) FOREIGN KEY constraint failed
[2m2026-02-04T06:13:59.542839Z[0m [31mERROR[0m [2mtb_provider_market[0m[2m:[0m Quote fetch error for BTCUSDT: error returned from database: (code: 787) FOREIGN KEY constraint failed
[2m2026-02-04T06:13:59.581787Z[0m [31mERROR[0m [2mtb_provider_market[0m[2m:[0m Bars fetch error for BTCUSDT: error returned from database: (code: 787) FOREIGN KEY constraint failed
[2m2026-02-04T06:13:59.618440Z[0m [31mERROR[0m [2mtb_provider_market[0m[2m:[0m Quote fetch error for ETHUSDT: error returned from database: (code: 787) FOREIGN KEY constraint failed
[2m2026-02-04T06:13:59.656797Z[0m [31mERROR[0m [2mtb_provider_market[0m[2m:[0m Bars fetch error for ETHUSDT: error returned from database: (code: 787) FOREIGN KEY constraint failed
[2m2026-02-04T06:13:59.693892Z[0m [31mERROR[0m [2mtb_provider_market[0m[2m:[0m Quote fetch error for SOLUSDT: error returned from database: (code: 787) FOREIGN KEY constraint failed
[2m2026-02-04T06:13:59.732616Z[0m [31mERROR[0m [2mtb_provider_market[0m[2m:[0m Bars fetch error for SOLUSDT: error returned from database: (code: 787) FOREIGN KEY constraint failed
[2m2026-02-04T06:14:04.771467Z[0m [31mERROR[0m [2mtb_provider_market[0m[2m:[0m Quote fetch error for BTCUSDT: error returned from database: (code: 787) FOREIGN KEY constraint failed
[2m2026-02-04T06:14:04.810449Z[0m [31mERROR[0m [2mtb_provider_market[0m[2m:[0m Bars fetch error for BTCUSDT: error returned from database: (code: 787) FOREIGN KEY constraint failed
[2m2026-02-04T06:14:04.847050Z[0m [31mERROR[0m [2mtb_provider_market[0m[2m:[0m Quote fetch error for ETHUSDT: error returned from database: (code: 787) FOREIGN KEY constraint failed
[2m2026-02-04T06:14:04.885776Z[0m [31mERROR[0m [2mtb_provider_market[0m[2m:[0m Bars fetch error for ETHUSDT: error returned from database: (code: 787) FOREIGN KEY constraint failed
[2m2026-02-04T06:14:04.923195Z[0m [31mERROR[0m [2mtb_provider_market[0m[2m:[0m Quote fetch error for SOLUSDT: error returned from database: (code: 787) FOREIGN KEY constraint failed
[2m2026-02-04T06:14:04.961824Z[0m [31mERROR[0m [2mtb_provider_market[0m[2m:[0m Bars fetch error for SOLUSDT: error returned from database: (code: 787) FOREIGN KEY constraint failed
[2m2026-02-04T06:14:10.001965Z[0m [31mERROR[0m [2mtb_provider_market[0m[2m:[0m Quote fetch error for BTCUSDT: error returned from database: (code: 787) FOREIGN KEY constraint failed
[2m2026-02-04T06:14:10.041360Z[0m [31mERROR[0m [2mtb_provider_market[0m[2m:[0m Bars fetch error for BTCUSDT: error returned from database: (code: 787) FOREIGN KEY constraint failed
[2m2026-02-04T06:14:10.077969Z[0m [31mERROR[0m [2mtb_provider_market[0m[2m:[0m Quote fetch error for ETHUSDT: error returned from database: (code: 787) FOREIGN KEY constraint failed
[2m2026-02-04T06:14:10.116800Z[0m [31mERROR[0m [2mtb_provider_market[0m[2m:[0m Bars fetch error for ETHUSDT: error returned from database: (code: 787) FOREIGN KEY constraint failed
[2m2026-02-04T06:14:10.153535Z[0m [31mERROR[0m [2mtb_provider_market[0m[2m:[0m Quote fetch error for SOLUSDT: error returned from database: (code: 787) FOREIGN KEY constraint failed
[2m2026-02-04T06:14:10.192201Z[0m [31mERROR[0m [2mtb_provider_market[0m[2m:[0m Bars fetch error for SOLUSDT: error returned from database: (code: 787) FOREIGN KEY constraint failed
[2m2026-02-04T06:14:15.232034Z[0m [31mERROR[0m [2mtb_provider_market[0m[2m:[0m Quote fetch error for BTCUSDT: error returned from database: (code: 787) FOREIGN KEY constraint failed
[2m2026-02-04T06:14:15.271632Z[0m [31mERROR[0m [2mtb_provider_market[0m[2m:[0m Bars fetch error for BTCUSDT: error returned from database: (code: 787) FOREIGN KEY constraint failed
[2m2026-02-04T06:14:15.309209Z[0m [31mERROR[0m [2mtb_provider_market[0m[2m:[0m Quote fetch error for ETHUSDT: error returned from database: (code: 787) FOREIGN KEY constraint failed
[2m2026-02-04T06:14:15.349567Z[0m [31mERROR[0m [2mtb_provider_market[0m[2m:[0m Bars fetch error for ETHUSDT: error returned from database: (code: 787) FOREIGN KEY constraint failed
[2m2026-02-04T06:14:15.390912Z[0m [31mERROR[0m [2mtb_provider_market[0m[2m:[0m Quote fetch error for SOLUSDT: error returned from database: (code: 787) FOREIGN KEY constraint failed
[2m2026-02-04T06:14:15.429630Z[0m [31mERROR[0m [2mtb_provider_market[0m[2m:[0m Bars fetch error for SOLUSDT: error returned from database: (code: 787) FOREIGN KEY constraint failed
[2m2026-02-04T06:14:20.468788Z[0m [31mERROR[0m [2mtb_provider_market[0m[2m:[0m Quote fetch error for BTCUSDT: error returned from database: (code: 787) FOREIGN KEY constraint failed
[2m2026-02-04T06:14:20.508064Z[0m [31mERROR[0m [2mtb_provider_market[0m[2m:[0m Bars fetch error for BTCUSDT: error returned from database: (code: 787) FOREIGN KEY constraint failed
[2m2026-02-04T06:14:20.545046Z[0m [31mERROR[0m [2mtb_provider_market[0m[2m:[0m Quote fetch error for ETHUSDT: error returned from database: (code: 787) FOREIGN KEY constraint failed
[2m2026-02-04T06:14:20.584314Z[0m [31mERROR[0m [2mtb_provider_market[0m[2m:[0m Bars fetch error for ETHUSDT: error returned from database: (code: 787) FOREIGN KEY constraint failed
[2m2026-02-04T06:14:20.621701Z[0m [31mERROR[0m [2mtb_provider_market[0m[2m:[0m Quote fetch error for SOLUSDT: error returned from database: (code: 787) FOREIGN KEY constraint failed
[2m2026-02-04T06:14:20.660948Z[0m [31mERROR[0m [2mtb_provider_market[0m[2m:[0m Bars fetch error for SOLUSDT: error returned from database: (code: 787) FOREIGN KEY constraint failed
[2m2026-02-04T06:14:25.699003Z[0m [31mERROR[0m [2mtb_provider_market[0m[2m:[0m Quote fetch error for BTCUSDT: error returned from database: (code: 787) FOREIGN KEY constraint failed
[2m2026-02-04T06:14:25.974624Z[0m [31mERROR[0m [2mtb_provider_market[0m[2m:[0m Bars fetch error for BTCUSDT: error returned from database: (code: 787) FOREIGN KEY constraint failed
[2m2026-02-04T06:14:26.013300Z[0m [31mERROR[0m [2mtb_provider_market[0m[2m:[0m Quote fetch error for ETHUSDT: error returned from database: (code: 787) FOREIGN KEY constraint failed
[2m2026-02-04T06:14:26.051965Z[0m [31mERROR[0m [2mtb_provider_market[0m[2m:[0m Bars fetch error for ETHUSDT: error returned from database: (code: 787) FOREIGN KEY constraint failed
[2m2026-02-04T06:14:26.089108Z[0m [31mERROR[0m [2mtb_provider_market[0m[2m:[0m Quote fetch error for SOLUSDT: error returned from database: (code: 787) FOREIGN KEY constraint failed
[2m2026-02-04T06:14:26.128126Z[0m [31mERROR[0m [2mtb_provider_market[0m[2m:[0m Bars fetch error for SOLUSDT: error returned from database: (code: 787) FOREIGN KEY constraint failed
[2m2026-02-04T06:14:31.167134Z[0m [31mERROR[0m [2mtb_provider_market[0m[2m:[0m Quote fetch error for BTCUSDT: error returned from database: (code: 787) FOREIGN KEY constraint failed
[2m2026-02-04T06:14:31.206324Z[0m [31mERROR[0m [2mtb_provider_market[0m[2m:[0m Bars fetch error for BTCUSDT: error returned from database: (code: 787) FOREIGN KEY constraint failed
[2m2026-02-04T06:14:31.243562Z[0m [31mERROR[0m [2mtb_provider_market[0m[2m:[0m Quote fetch error for ETHUSDT: error returned from database: (code: 787) FOREIGN KEY constraint failed
[2m2026-02-04T06:14:31.282605Z[0m [31mERROR[0m [2mtb_provider_market[0m[2m:[0m Bars fetch error for ETHUSDT: error returned from database: (code: 787) FOREIGN KEY constraint failed
[2m2026-02-04T06:14:31.319761Z[0m [31mERROR[0m [2mtb_provider_market[0m[2m:[0m Quote fetch error for SOLUSDT: error returned from database: (code: 787) FOREIGN KEY constraint failed
[2m2026-02-04T06:14:31.358416Z[0m [31mERROR[0m [2mtb_provider_market[0m[2m:[0m Bars fetch error for SOLUSDT: error returned from database: (code: 787) FOREIGN KEY constraint failed
[2m2026-02-04T06:14:36.399216Z[0m [31mERROR[0m [2mtb_provider_market[0m[2m:[0m Quote fetch error for BTCUSDT: error returned from database: (code: 787) FOREIGN KEY constraint failed
[2m2026-02-04T06:14:36.438482Z[0m [31mERROR[0m [2mtb_provider_market[0m[2m:[0m Bars fetch error for BTCUSDT: error returned from database: (code: 787) FOREIGN KEY constraint failed
[2m2026-02-04T06:14:36.475343Z[0m [31mERROR[0m [2mtb_provider_market[0m[2m:[0m Quote fetch error for ETHUSDT: error returned from database: (code: 787) FOREIGN KEY constraint failed
[2m2026-02-04T06:14:36.514960Z[0m [31mERROR[0m [2mtb_provider_market[0m[2m:[0m Bars fetch error for ETHUSDT: error returned from database: (code: 787) FOREIGN KEY constraint failed
[2m2026-02-04T06:14:36.552492Z[0m [31mERROR[0m [2mtb_provider_market[0m[2m:[0m Quote fetch error for SOLUSDT: error returned from database: (code: 787) FOREIGN KEY constraint failed
[2m2026-02-04T06:14:36.591401Z[0m [31mERROR[0m [2mtb_provider_market[0m[2m:[0m Bars fetch error for SOLUSDT: error returned from database: (code: 787) FOREIGN KEY constraint failed
[2m2026-02-04T06:14:41.629774Z[0m [31mERROR[0m [2mtb_provider_market[0m[2m:[0m Quote fetch error for BTCUSDT: error returned from database: (code: 787) FOREIGN KEY constraint failed
[2m2026-02-04T06:14:41.668091Z[0m [31mERROR[0m [2mtb_provider_market[0m[2m:[0m Bars fetch error for BTCUSDT: error returned from database: (code: 787) FOREIGN KEY constraint failed
[2m2026-02-04T06:14:41.705558Z[0m [31mERROR[0m [2mtb_provider_market[0m[2m:[0m Quote fetch error for ETHUSDT: error returned from database: (code: 787) FOREIGN KEY constraint failed
[2m2026-02-04T06:14:41.744924Z[0m [31mERROR[0m [2mtb_provider_market[0m[2m:[0m Bars fetch error for ETHUSDT: error returned from database: (code: 787) FOREIGN KEY constraint failed
[2m2026-02-04T06:14:41.782168Z[0m [31mERROR[0m [2mtb_provider_market[0m[2m:[0m Quote fetch error for SOLUSDT: error returned from database: (code: 787) FOREIGN KEY constraint failed
[2m2026-02-04T06:14:41.820616Z[0m [31mERROR[0m [2mtb_provider_market[0m[2m:[0m Bars fetch error for SOLUSDT: error returned from database: (code: 787) FOREIGN KEY constraint failed
[2m2026-02-04T06:14:46.861247Z[0m [31mERROR[0m [2mtb_provider_market[0m[2m:[0m Quote fetch error for BTCUSDT: error returned from database: (code: 787) FOREIGN KEY constraint failed
[2m2026-02-04T06:14:46.900335Z[0m [31mERROR[0m [2mtb_provider_market[0m[2m:[0m Bars fetch error for BTCUSDT: error returned from database: (code: 787) FOREIGN KEY constraint failed
[2m2026-02-04T06:14:46.937674Z[0m [31mERROR[0m [2mtb_provider_market[0m[2m:[0m Quote fetch error for ETHUSDT: error returned from database: (code: 787) FOREIGN KEY constraint failed
[2m2026-02-04T06:14:46.976414Z[0m [31mERROR[0m [2mtb_provider_market[0m[2m:[0m Bars fetch error for ETHUSDT: error returned from database: (code: 787) FOREIGN KEY constraint failed
[2m2026-02-04T06:14:47.012663Z[0m [31mERROR[0m [2mtb_provider_market[0m[2m:[0m Quote fetch error for SOLUSDT: error returned from database: (code: 787) FOREIGN KEY constraint failed
[2m2026-02-04T06:14:47.051192Z[0m [31mERROR[0m [2mtb_provider_market[0m[2m:[0m Bars fetch error for SOLUSDT: error returned from database: (code: 787) FOREIGN KEY constraint failed
[2m2026-02-04T06:14:52.090183Z[0m [31mERROR[0m [2mtb_provider_market[0m[2m:[0m Quote fetch error for BTCUSDT: error returned from database: (code: 787) FOREIGN KEY constraint failed
[2m2026-02-04T06:14:52.128204Z[0m [31mERROR[0m [2mtb_provider_market[0m[2m:[0m Bars fetch error for BTCUSDT: error returned from database: (code: 787) FOREIGN KEY constraint failed
[2m2026-02-04T06:14:52.165319Z[0m [31mERROR[0m [2mtb_provider_market[0m[2m:[0m Quote fetch error for ETHUSDT: error returned from database: (code: 787) FOREIGN KEY constraint failed
[2m2026-02-04T06:14:52.203200Z[0m [31mERROR[0m [2mtb_provider_market[0m[2m:[0m Bars fetch error for ETHUSDT: error returned from database: (code: 787) FOREIGN KEY constraint failed
[2m2026-02-04T06:14:52.239449Z[0m [31mERROR[0m [2mtb_provider_market[0m[2m:[0m Quote fetch error for SOLUSDT: error returned from database: (code: 787) FOREIGN KEY constraint failed
[2m2026-02-04T06:14:52.278244Z[0m [31mERROR[0m [2mtb_provider_market[0m[2m:[0m Bars fetch error for SOLUSDT: error returned from database: (code: 787) FOREIGN KEY constraint failed
[2m2026-02-04T06:14:57.316244Z[0m [31mERROR[0m [2mtb_provider_market[0m[2m:[0m Quote fetch error for BTCUSDT: error returned from database: (code: 787) FOREIGN KEY constraint failed
[2m2026-02-04T06:14:57.355149Z[0m [31mERROR[0m [2mtb_provider_market[0m[2m:[0m Bars fetch error for BTCUSDT: error returned from database: (code: 787) FOREIGN KEY constraint failed
[2m2026-02-04T06:14:57.392490Z[0m [31mERROR[0m [2mtb_provider_market[0m[2m:[0m Quote fetch error for ETHUSDT: error returned from database: (code: 787) FOREIGN KEY constraint failed
[2m2026-02-04T06:14:57.431643Z[0m [31mERROR[0m [2mtb_provider_market[0m[2m:[0m Bars fetch error for ETHUSDT: error returned from database: (code: 787) FOREIGN KEY constraint failed
[2m2026-02-04T06:14:57.468721Z[0m [31mERROR[0m [2mtb_provider_market[0m[2m:[0m Quote fetch error for SOLUSDT: error returned from database: (code: 787) FOREIGN KEY constraint failed
[2m2026-02-04T06:14:57.507932Z[0m [31mERROR[0m [2mtb_provider_market[0m[2m:[0m Bars fetch error for SOLUSDT: error returned from database: (code: 787) FOREIGN KEY constraint failed
[2m2026-02-04T06:15:02.547280Z[0m [31mERROR[0m [2mtb_provider_market[0m[2m:[0m Quote fetch error for BTCUSDT: error returned from database: (code: 787) FOREIGN KEY constraint failed
[2m2026-02-04T06:15:02.586124Z[0m [31mERROR[0m [2mtb_provider_market[0m[2m:[0m Bars fetch error for BTCUSDT: error returned from database: (code: 787) FOREIGN KEY constraint failed
[2m2026-02-04T06:15:02.622570Z[0m [31mERROR[0m [2mtb_provider_market[0m[2m:[0m Quote fetch error for ETHUSDT: error returned from database: (code: 787) FOREIGN KEY constraint failed
[2m2026-02-04T06:15:02.662246Z[0m [31mERROR[0m [2mtb_provider_market[0m[2m:[0m Bars fetch error for ETHUSDT: error returned from database: (code: 787) FOREIGN KEY constraint failed
[2m2026-02-04T06:15:02.698999Z[0m [31mERROR[0m [2mtb_provider_market[0m[2m:[0m Quote fetch error for SOLUSDT: error returned from database: (code: 787) FOREIGN KEY constraint failed
[2m2026-02-04T06:15:02.737014Z[0m [31mERROR[0m [2mtb_provider_market[0m[2m:[0m Bars fetch error for SOLUSDT: error returned from database: (code: 787) FOREIGN KEY constraint failed
[2m2026-02-04T06:15:07.775756Z[0m [31mERROR[0m [2mtb_provider_market[0m[2m:[0m Quote fetch error for BTCUSDT: error returned from database: (code: 787) FOREIGN KEY constraint failed
[2m2026-02-04T06:15:07.815590Z[0m [31mERROR[0m [2mtb_provider_market[0m[2m:[0m Bars fetch error for BTCUSDT: error returned from database: (code: 787) FOREIGN KEY constraint failed
[2m2026-02-04T06:15:07.851917Z[0m [31mERROR[0m [2mtb_provider_market[0m[2m:[0m Quote fetch error for ETHUSDT: error returned from database: (code: 787) FOREIGN KEY constraint failed
[2m2026-02-04T06:15:07.890893Z[0m [31mERROR[0m [2mtb_provider_market[0m[2m:[0m Bars fetch error for ETHUSDT: error returned from database: (code: 787) FOREIGN KEY constraint failed
[2m2026-02-04T06:15:07.927486Z[0m [31mERROR[0m [2mtb_provider_market[0m[2m:[0m Quote fetch error for SOLUSDT: error returned from database: (code: 787) FOREIGN KEY constraint failed
[2m2026-02-04T06:15:07.966643Z[0m [31mERROR[0m [2mtb_provider_market[0m[2m:[0m Bars fetch error for SOLUSDT: error returned from database: (code: 787) FOREIGN KEY constraint failed
[2m2026-02-04T06:15:13.004305Z[0m [31mERROR[0m [2mtb_provider_market[0m[2m:[0m Quote fetch error for BTCUSDT: error returned from database: (code: 787) FOREIGN KEY constraint failed
[2m2026-02-04T06:15:13.044121Z[0m [31mERROR[0m [2mtb_provider_market[0m[2m:[0m Bars fetch error for BTCUSDT: error returned from database: (code: 787) FOREIGN KEY constraint failed
[2m2026-02-04T06:15:13.080789Z[0m [31mERROR[0m [2mtb_provider_market[0m[2m:[0m Quote fetch error for ETHUSDT: error returned from database: (code: 787) FOREIGN KEY constraint failed
[2m2026-02-04T06:15:13.119687Z[0m [31mERROR[0m [2mtb_provider_market[0m[2m:[0m Bars fetch error for ETHUSDT: error returned from database: (code: 787) FOREIGN KEY constraint failed
[2m2026-02-04T06:15:13.156394Z[0m [31mERROR[0m [2mtb_provider_market[0m[2m:[0m Quote fetch error for SOLUSDT: error returned from database: (code: 787) FOREIGN KEY constraint failed
[2m2026-02-04T06:15:13.195181Z[0m [31mERROR[0m [2mtb_provider_market[0m[2m:[0m Bars fetch error for SOLUSDT: error returned from database: (code: 787) FOREIGN KEY constraint failed
[2m2026-02-04T06:15:18.233775Z[0m [31mERROR[0m [2mtb_provider_market[0m[2m:[0m Quote fetch error for BTCUSDT: error returned from database: (code: 787) FOREIGN KEY constraint failed
[2m2026-02-04T06:15:18.272907Z[0m [31mERROR[0m [2mtb_provider_market[0m[2m:[0m Bars fetch error for BTCUSDT: error returned from database: (code: 787) FOREIGN KEY constraint failed
[2m2026-02-04T06:15:18.310465Z[0m [31mERROR[0m [2mtb_provider_market[0m[2m:[0m Quote fetch error for ETHUSDT: error returned from database: (code: 787) FOREIGN KEY constraint failed
[2m2026-02-04T06:15:18.349146Z[0m [31mERROR[0m [2mtb_provider_market[0m[2m:[0m Bars fetch error for ETHUSDT: error returned from database: (code: 787) FOREIGN KEY constraint failed
[2m2026-02-04T06:15:18.385901Z[0m [31mERROR[0m [2mtb_provider_market[0m[2m:[0m Quote fetch error for SOLUSDT: error returned from database: (code: 787) FOREIGN KEY constraint failed
[2m2026-02-04T06:15:18.425002Z[0m [31mERROR[0m [2mtb_provider_market[0m[2m:[0m Bars fetch error for SOLUSDT: error returned from database: (code: 787) FOREIGN KEY constraint failed
[2m2026-02-04T06:15:23.463900Z[0m [31mERROR[0m [2mtb_provider_market[0m[2m:[0m Quote fetch error for BTCUSDT: error returned from database: (code: 787) FOREIGN KEY constraint failed
[2m2026-02-04T06:15:23.502869Z[0m [31mERROR[0m [2mtb_provider_market[0m[2m:[0m Bars fetch error for BTCUSDT: error returned from database: (code: 787) FOREIGN KEY constraint failed
[2m2026-02-04T06:15:23.539299Z[0m [31mERROR[0m [2mtb_provider_market[0m[2m:[0m Quote fetch error for ETHUSDT: error returned from database: (code: 787) FOREIGN KEY constraint failed
[2m2026-02-04T06:15:23.577937Z[0m [31mERROR[0m [2mtb_provider_market[0m[2m:[0m Bars fetch error for ETHUSDT: error returned from database: (code: 787) FOREIGN KEY constraint failed
[2m2026-02-04T06:15:23.614857Z[0m [31mERROR[0m [2mtb_provider_market[0m[2m:[0m Quote fetch error for SOLUSDT: error returned from database: (code: 787) FOREIGN KEY constraint failed
[2m2026-02-04T06:15:23.653814Z[0m [31mERROR[0m [2mtb_provider_market[0m[2m:[0m Bars fetch error for SOLUSDT: error returned from database: (code: 787) FOREIGN KEY constraint failed
[2m2026-02-04T06:15:28.694003Z[0m [31mERROR[0m [2mtb_provider_market[0m[2m:[0m Quote fetch error for BTCUSDT: error returned from database: (code: 787) FOREIGN KEY constraint failed
[2m2026-02-04T06:15:28.732864Z[0m [31mERROR[0m [2mtb_provider_market[0m[2m:[0m Bars fetch error for BTCUSDT: error returned from database: (code: 787) FOREIGN KEY constraint failed
[2m2026-02-04T06:15:28.769736Z[0m [31mERROR[0m [2mtb_provider_market[0m[2m:[0m Quote fetch error for ETHUSDT: error returned from database: (code: 787) FOREIGN KEY constraint failed
[2m2026-02-04T06:15:28.808319Z[0m [31mERROR[0m [2mtb_provider_market[0m[2m:[0m Bars fetch error for ETHUSDT: error returned from database: (code: 787) FOREIGN KEY constraint failed
[2m2026-02-04T06:15:28.845476Z[0m [31mERROR[0m [2mtb_provider_market[0m[2m:[0m Quote fetch error for SOLUSDT: error returned from database: (code: 787) FOREIGN KEY constraint failed
[2m2026-02-04T06:15:28.883930Z[0m [31mERROR[0m [2mtb_provider_market[0m[2m:[0m Bars fetch error for SOLUSDT: error returned from database: (code: 787) FOREIGN KEY constraint failed
[2m2026-02-04T06:15:33.922753Z[0m [31mERROR[0m [2mtb_provider_market[0m[2m:[0m Quote fetch error for BTCUSDT: error returned from database: (code: 787) FOREIGN KEY constraint failed
[2m2026-02-04T06:15:33.961530Z[0m [31mERROR[0m [2mtb_provider_market[0m[2m:[0m Bars fetch error for BTCUSDT: error returned from database: (code: 787) FOREIGN KEY constraint failed
[2m2026-02-04T06:15:33.998680Z[0m [31mERROR[0m [2mtb_provider_market[0m[2m:[0m Quote fetch error for ETHUSDT: error returned from database: (code: 787) FOREIGN KEY constraint failed
[2m2026-02-04T06:15:34.036642Z[0m [31mERROR[0m [2mtb_provider_market[0m[2m:[0m Bars fetch error for ETHUSDT: error returned from database: (code: 787) FOREIGN KEY constraint failed
[2m2026-02-04T06:15:34.072873Z[0m [31mERROR[0m [2mtb_provider_market[0m[2m:[0m Quote fetch error for SOLUSDT: error returned from database: (code: 787) FOREIGN KEY constraint failed
[2m2026-02-04T06:15:34.111062Z[0m [31mERROR[0m [2mtb_provider_market[0m[2m:[0m Bars fetch error for SOLUSDT: error returned from database: (code: 787) FOREIGN KEY constraint failed
[2m2026-02-04T06:15:39.150420Z[0m [31mERROR[0m [2mtb_provider_market[0m[2m:[0m Quote fetch error for BTCUSDT: error returned from database: (code: 787) FOREIGN KEY constraint failed
[2m2026-02-04T06:15:39.188675Z[0m [31mERROR[0m [2mtb_provider_market[0m[2m:[0m Bars fetch error for BTCUSDT: error returned from database: (code: 787) FOREIGN KEY constraint failed
[2m2026-02-04T06:15:39.225464Z[0m [31mERROR[0m [2mtb_provider_market[0m[2m:[0m Quote fetch error for ETHUSDT: error returned from database: (code: 787) FOREIGN KEY constraint failed
[2m2026-02-04T06:15:39.264277Z[0m [31mERROR[0m [2mtb_provider_market[0m[2m:[0m Bars fetch error for ETHUSDT: error returned from database: (code: 787) FOREIGN KEY constraint failed
[2m2026-02-04T06:15:39.301280Z[0m [31mERROR[0m [2mtb_provider_market[0m[2m:[0m Quote fetch error for SOLUSDT: error returned from database: (code: 787) FOREIGN KEY constraint failed
[2m2026-02-04T06:15:39.340787Z[0m [31mERROR[0m [2mtb_provider_market[0m[2m:[0m Bars fetch error for SOLUSDT: error returned from database: (code: 787) FOREIGN KEY constraint failed
[2m2026-02-04T06:15:44.379125Z[0m [31mERROR[0m [2mtb_provider_market[0m[2m:[0m Quote fetch error for BTCUSDT: error returned from database: (code: 787) FOREIGN KEY constraint failed
[2m2026-02-04T06:15:44.417740Z[0m [31mERROR[0m [2mtb_provider_market[0m[2m:[0m Bars fetch error for BTCUSDT: error returned from database: (code: 787) FOREIGN KEY constraint failed
[2m2026-02-04T06:15:44.454153Z[0m [31mERROR[0m [2mtb_provider_market[0m[2m:[0m Quote fetch error for ETHUSDT: error returned from database: (code: 787) FOREIGN KEY constraint failed
[2m2026-02-04T06:15:44.492445Z[0m [31mERROR[0m [2mtb_provider_market[0m[2m:[0m Bars fetch error for ETHUSDT: error returned from database: (code: 787) FOREIGN KEY constraint failed
[2m2026-02-04T06:15:44.529109Z[0m [31mERROR[0m [2mtb_provider_market[0m[2m:[0m Quote fetch error for SOLUSDT: error returned from database: (code: 787) FOREIGN KEY constraint failed
[2m2026-02-04T06:15:44.568158Z[0m [31mERROR[0m [2mtb_provider_market[0m[2m:[0m Bars fetch error for SOLUSDT: error returned from database: (code: 787) FOREIGN KEY constraint failed
[2m2026-02-04T06:15:49.606802Z[0m [31mERROR[0m [2mtb_provider_market[0m[2m:[0m Quote fetch error for BTCUSDT: error returned from database: (code: 787) FOREIGN KEY constraint failed
[2m2026-02-04T06:15:49.645944Z[0m [31mERROR[0m [2mtb_provider_market[0m[2m:[0m Bars fetch error for BTCUSDT: error returned from database: (code: 787) FOREIGN KEY constraint failed
[2m2026-02-04T06:15:49.683639Z[0m [31mERROR[0m [2mtb_provider_market[0m[2m:[0m Quote fetch error for ETHUSDT: error returned from database: (code: 787) FOREIGN KEY constraint failed
[2m2026-02-04T06:15:49.722826Z[0m [31mERROR[0m [2mtb_provider_market[0m[2m:[0m Bars fetch error for ETHUSDT: error returned from database: (code: 787) FOREIGN KEY constraint failed
[2m2026-02-04T06:15:49.759689Z[0m [31mERROR[0m [2mtb_provider_market[0m[2m:[0m Quote fetch error for SOLUSDT: error returned from database: (code: 787) FOREIGN KEY constraint failed
[2m2026-02-04T06:15:49.797739Z[0m [31mERROR[0m [2mtb_provider_market[0m[2m:[0m Bars fetch error for SOLUSDT: error returned from database: (code: 787) FOREIGN KEY constraint failed
[2m2026-02-04T06:15:54.843495Z[0m [31mERROR[0m [2mtb_provider_market[0m[2m:[0m Quote fetch error for BTCUSDT: error returned from database: (code: 787) FOREIGN KEY constraint failed
[2m2026-02-04T06:15:54.882771Z[0m [31mERROR[0m [2mtb_provider_market[0m[2m:[0m Bars fetch error for BTCUSDT: error returned from database: (code: 787) FOREIGN KEY constraint failed
[2m2026-02-04T06:15:54.919885Z[0m [31mERROR[0m [2mtb_provider_market[0m[2m:[0m Quote fetch error for ETHUSDT: error returned from database: (code: 787) FOREIGN KEY constraint failed
[2m2026-02-04T06:15:54.959200Z[0m [31mERROR[0m [2mtb_provider_market[0m[2m:[0m Bars fetch error for ETHUSDT: error returned from database: (code: 787) FOREIGN KEY constraint failed
[2m2026-02-04T06:15:54.996218Z[0m [31mERROR[0m [2mtb_provider_market[0m[2m:[0m Quote fetch error for SOLUSDT: error returned from database: (code: 787) FOREIGN KEY constraint failed
[2m2026-02-04T06:15:55.035209Z[0m [31mERROR[0m [2mtb_provider_market[0m[2m:[0m Bars fetch error for SOLUSDT: error returned from database: (code: 787) FOREIGN KEY constraint failed
[2m2026-02-04T06:16:00.076321Z[0m [31mERROR[0m [2mtb_provider_market[0m[2m:[0m Quote fetch error for BTCUSDT: error returned from database: (code: 787) FOREIGN KEY constraint failed
[2m2026-02-04T06:16:00.115448Z[0m [31mERROR[0m [2mtb_provider_market[0m[2m:[0m Bars fetch error for BTCUSDT: error returned from database: (code: 787) FOREIGN KEY constraint failed
[2m2026-02-04T06:16:00.152158Z[0m [31mERROR[0m [2mtb_provider_market[0m[2m:[0m Quote fetch error for ETHUSDT: error returned from database: (code: 787) FOREIGN KEY constraint failed
[2m2026-02-04T06:16:00.190953Z[0m [31mERROR[0m [2mtb_provider_market[0m[2m:[0m Bars fetch error for ETHUSDT: error returned from database: (code: 787) FOREIGN KEY constraint failed
[2m2026-02-04T06:16:00.227655Z[0m [31mERROR[0m [2mtb_provider_market[0m[2m:[0m Quote fetch error for SOLUSDT: error returned from database: (code: 787) FOREIGN KEY constraint failed
[2m2026-02-04T06:16:00.267382Z[0m [31mERROR[0m [2mtb_provider_market[0m[2m:[0m Bars fetch error for SOLUSDT: error returned from database: (code: 787) FOREIGN KEY constraint failed
[2m2026-02-04T06:16:05.305818Z[0m [31mERROR[0m [2mtb_provider_market[0m[2m:[0m Quote fetch error for BTCUSDT: error returned from database: (code: 787) FOREIGN KEY constraint failed
[2m2026-02-04T06:16:05.345313Z[0m [31mERROR[0m [2mtb_provider_market[0m[2m:[0m Bars fetch error for BTCUSDT: error returned from database: (code: 787) FOREIGN KEY constraint failed
[2m2026-02-04T06:16:05.382343Z[0m [31mERROR[0m [2mtb_provider_market[0m[2m:[0m Quote fetch error for ETHUSDT: error returned from database: (code: 787) FOREIGN KEY constraint failed
[2m2026-02-04T06:16:05.421347Z[0m [31mERROR[0m [2mtb_provider_market[0m[2m:[0m Bars fetch error for ETHUSDT: error returned from database: (code: 787) FOREIGN KEY constraint failed
[2m2026-02-04T06:16:05.458014Z[0m [31mERROR[0m [2mtb_provider_market[0m[2m:[0m Quote fetch error for SOLUSDT: error returned from database: (code: 787) FOREIGN KEY constraint failed
[2m2026-02-04T06:16:05.496842Z[0m [31mERROR[0m [2mtb_provider_market[0m[2m:[0m Bars fetch error for SOLUSDT: error returned from database: (code: 787) FOREIGN KEY constraint failed
[2m2026-02-04T06:16:10.536706Z[0m [31mERROR[0m [2mtb_provider_market[0m[2m:[0m Quote fetch error for BTCUSDT: error returned from database: (code: 787) FOREIGN KEY constraint failed
[2m2026-02-04T06:16:10.575643Z[0m [31mERROR[0m [2mtb_provider_market[0m[2m:[0m Bars fetch error for BTCUSDT: error returned from database: (code: 787) FOREIGN KEY constraint failed
[2m2026-02-04T06:16:10.612592Z[0m [31mERROR[0m [2mtb_provider_market[0m[2m:[0m Quote fetch error for ETHUSDT: error returned from database: (code: 787) FOREIGN KEY constraint failed
[2m2026-02-04T06:16:10.650824Z[0m [31mERROR[0m [2mtb_provider_market[0m[2m:[0m Bars fetch error for ETHUSDT: error returned from database: (code: 787) FOREIGN KEY constraint failed
[2m2026-02-04T06:16:10.687854Z[0m [31mERROR[0m [2mtb_provider_market[0m[2m:[0m Quote fetch error for SOLUSDT: error returned from database: (code: 787) FOREIGN KEY constraint failed
[2m2026-02-04T06:16:10.726599Z[0m [31mERROR[0m [2mtb_provider_market[0m[2m:[0m Bars fetch error for SOLUSDT: error returned from database: (code: 787) FOREIGN KEY constraint failed
[2m2026-02-04T06:16:15.768632Z[0m [31mERROR[0m [2mtb_provider_market[0m[2m:[0m Quote fetch error for BTCUSDT: error returned from database: (code: 787) FOREIGN KEY constraint failed
[2m2026-02-04T06:16:15.807930Z[0m [31mERROR[0m [2mtb_provider_market[0m[2m:[0m Bars fetch error for BTCUSDT: error returned from database: (code: 787) FOREIGN KEY constraint failed
[2m2026-02-04T06:16:15.845052Z[0m [31mERROR[0m [2mtb_provider_market[0m[2m:[0m Quote fetch error for ETHUSDT: error returned from database: (code: 787) FOREIGN KEY constraint failed
[2m2026-02-04T06:16:15.883712Z[0m [31mERROR[0m [2mtb_provider_market[0m[2m:[0m Bars fetch error for ETHUSDT: error returned from database: (code: 787) FOREIGN KEY constraint failed
[2m2026-02-04T06:16:15.920444Z[0m [31mERROR[0m [2mtb_provider_market[0m[2m:[0m Quote fetch error for SOLUSDT: error returned from database: (code: 787) FOREIGN KEY constraint failed
[2m2026-02-04T06:16:15.959017Z[0m [31mERROR[0m [2mtb_provider_market[0m[2m:[0m Bars fetch error for SOLUSDT: error returned from database: (code: 787) FOREIGN KEY constraint failed
[2m2026-02-04T06:16:21.004929Z[0m [31mERROR[0m [2mtb_provider_market[0m[2m:[0m Quote fetch error for BTCUSDT: error returned from database: (code: 787) FOREIGN KEY constraint failed
[2m2026-02-04T06:16:21.043880Z[0m [31mERROR[0m [2mtb_provider_market[0m[2m:[0m Bars fetch error for BTCUSDT: error returned from database: (code: 787) FOREIGN KEY constraint failed
[2m2026-02-04T06:16:21.080832Z[0m [31mERROR[0m [2mtb_provider_market[0m[2m:[0m Quote fetch error for ETHUSDT: error returned from database: (code: 787) FOREIGN KEY constraint failed
[2m2026-02-04T06:16:21.120456Z[0m [31mERROR[0m [2mtb_provider_market[0m[2m:[0m Bars fetch error for ETHUSDT: error returned from database: (code: 787) FOREIGN KEY constraint failed
[2m2026-02-04T06:16:21.157361Z[0m [31mERROR[0m [2mtb_provider_market[0m[2m:[0m Quote fetch error for SOLUSDT: error returned from database: (code: 787) FOREIGN KEY constraint failed
[2m2026-02-04T06:16:21.196398Z[0m [31mERROR[0m [2mtb_provider_market[0m[2m:[0m Bars fetch error for SOLUSDT: error returned from database: (code: 787) FOREIGN KEY constraint failed
[2m2026-02-04T06:16:26.235573Z[0m [31mERROR[0m [2mtb_provider_market[0m[2m:[0m Quote fetch error for BTCUSDT: error returned from database: (code: 787) FOREIGN KEY constraint failed
[2m2026-02-04T06:16:26.274662Z[0m [31mERROR[0m [2mtb_provider_market[0m[2m:[0m Bars fetch error for BTCUSDT: error returned from database: (code: 787) FOREIGN KEY constraint failed
[2m2026-02-04T06:16:26.311542Z[0m [31mERROR[0m [2mtb_provider_market[0m[2m:[0m Quote fetch error for ETHUSDT: error returned from database: (code: 787) FOREIGN KEY constraint failed
[2m2026-02-04T06:16:26.351230Z[0m [31mERROR[0m [2mtb_provider_market[0m[2m:[0m Bars fetch error for ETHUSDT: error returned from database: (code: 787) FOREIGN KEY constraint failed
[2m2026-02-04T06:16:26.387935Z[0m [31mERROR[0m [2mtb_provider_market[0m[2m:[0m Quote fetch error for SOLUSDT: error returned from database: (code: 787) FOREIGN KEY constraint failed
[2m2026-02-04T06:16:26.427047Z[0m [31mERROR[0m [2mtb_provider_market[0m[2m:[0m Bars fetch error for SOLUSDT: error returned from database: (code: 787) FOREIGN KEY constraint failed
[2m2026-02-04T06:16:31.465981Z[0m [31mERROR[0m [2mtb_provider_market[0m[2m:[0m Quote fetch error for BTCUSDT: error returned from database: (code: 787) FOREIGN KEY constraint failed
[2m2026-02-04T06:16:31.505243Z[0m [31mERROR[0m [2mtb_provider_market[0m[2m:[0m Bars fetch error for BTCUSDT: error returned from database: (code: 787) FOREIGN KEY constraint failed
[2m2026-02-04T06:16:31.541708Z[0m [31mERROR[0m [2mtb_provider_market[0m[2m:[0m Quote fetch error for ETHUSDT: error returned from database: (code: 787) FOREIGN KEY constraint failed
[2m2026-02-04T06:16:31.582678Z[0m [31mERROR[0m [2mtb_provider_market[0m[2m:[0m Bars fetch error for ETHUSDT: error returned from database: (code: 787) FOREIGN KEY constraint failed
[2m2026-02-04T06:16:31.619571Z[0m [31mERROR[0m [2mtb_provider_market[0m[2m:[0m Quote fetch error for SOLUSDT: error returned from database: (code: 787) FOREIGN KEY constraint failed
[2m2026-02-04T06:16:31.658497Z[0m [31mERROR[0m [2mtb_provider_market[0m[2m:[0m Bars fetch error for SOLUSDT: error returned from database: (code: 787) FOREIGN KEY constraint failed
[2m2026-02-04T06:16:36.697308Z[0m [31mERROR[0m [2mtb_provider_market[0m[2m:[0m Quote fetch error for BTCUSDT: error returned from database: (code: 787) FOREIGN KEY constraint failed
[2m2026-02-04T06:16:36.736039Z[0m [31mERROR[0m [2mtb_provider_market[0m[2m:[0m Bars fetch error for BTCUSDT: error returned from database: (code: 787) FOREIGN KEY constraint failed
[2m2026-02-04T06:16:36.772199Z[0m [31mERROR[0m [2mtb_provider_market[0m[2m:[0m Quote fetch error for ETHUSDT: error returned from database: (code: 787) FOREIGN KEY constraint failed
[2m2026-02-04T06:16:36.810652Z[0m [31mERROR[0m [2mtb_provider_market[0m[2m:[0m Bars fetch error for ETHUSDT: error returned from database: (code: 787) FOREIGN KEY constraint failed
[2m2026-02-04T06:16:36.848592Z[0m [31mERROR[0m [2mtb_provider_market[0m[2m:[0m Quote fetch error for SOLUSDT: error returned from database: (code: 787) FOREIGN KEY constraint failed
[2m2026-02-04T06:16:36.887926Z[0m [31mERROR[0m [2mtb_provider_market[0m[2m:[0m Bars fetch error for SOLUSDT: error returned from database: (code: 787) FOREIGN KEY constraint failed
[2m2026-02-04T06:16:41.927421Z[0m [31mERROR[0m [2mtb_provider_market[0m[2m:[0m Quote fetch error for BTCUSDT: error returned from database: (code: 787) FOREIGN KEY constraint failed
[2m2026-02-04T06:16:41.966937Z[0m [31mERROR[0m [2mtb_provider_market[0m[2m:[0m Bars fetch error for BTCUSDT: error returned from database: (code: 787) FOREIGN KEY constraint failed
[2m2026-02-04T06:16:42.003956Z[0m [31mERROR[0m [2mtb_provider_market[0m[2m:[0m Quote fetch error for ETHUSDT: error returned from database: (code: 787) FOREIGN KEY constraint failed
[2m2026-02-04T06:16:42.043576Z[0m [31mERROR[0m [2mtb_provider_market[0m[2m:[0m Bars fetch error for ETHUSDT: error returned from database: (code: 787) FOREIGN KEY constraint failed
[2m2026-02-04T06:16:42.080516Z[0m [31mERROR[0m [2mtb_provider_market[0m[2m:[0m Quote fetch error for SOLUSDT: error returned from database: (code: 787) FOREIGN KEY constraint failed
[2m2026-02-04T06:16:42.120910Z[0m [31mERROR[0m [2mtb_provider_market[0m[2m:[0m Bars fetch error for SOLUSDT: error returned from database: (code: 787) FOREIGN KEY constraint failed
[2m2026-02-04T06:16:47.160621Z[0m [31mERROR[0m [2mtb_provider_market[0m[2m:[0m Quote fetch error for BTCUSDT: error returned from database: (code: 787) FOREIGN KEY constraint failed
[2m2026-02-04T06:16:47.200099Z[0m [31mERROR[0m [2mtb_provider_market[0m[2m:[0m Bars fetch error for BTCUSDT: error returned from database: (code: 787) FOREIGN KEY constraint failed
[2m2026-02-04T06:16:47.240105Z[0m [31mERROR[0m [2mtb_provider_market[0m[2m:[0m Quote fetch error for ETHUSDT: error returned from database: (code: 787) FOREIGN KEY constraint failed
[2m2026-02-04T06:16:47.278916Z[0m [31mERROR[0m [2mtb_provider_market[0m[2m:[0m Bars fetch error for ETHUSDT: error returned from database: (code: 787) FOREIGN KEY constraint failed
[2m2026-02-04T06:16:47.315752Z[0m [31mERROR[0m [2mtb_provider_market[0m[2m:[0m Quote fetch error for SOLUSDT: error returned from database: (code: 787) FOREIGN KEY constraint failed
[2m2026-02-04T06:16:47.354499Z[0m [31mERROR[0m [2mtb_provider_market[0m[2m:[0m Bars fetch error for SOLUSDT: error returned from database: (code: 787) FOREIGN KEY constraint failed
[2m2026-02-04T06:16:52.393604Z[0m [31mERROR[0m [2mtb_provider_market[0m[2m:[0m Quote fetch error for BTCUSDT: error returned from database: (code: 787) FOREIGN KEY constraint failed
[2m2026-02-04T06:16:52.432775Z[0m [31mERROR[0m [2mtb_provider_market[0m[2m:[0m Bars fetch error for BTCUSDT: error returned from database: (code: 787) FOREIGN KEY constraint failed
[2m2026-02-04T06:16:52.469638Z[0m [31mERROR[0m [2mtb_provider_market[0m[2m:[0m Quote fetch error for ETHUSDT: error returned from database: (code: 787) FOREIGN KEY constraint failed
[2m2026-02-04T06:16:52.509210Z[0m [31mERROR[0m [2mtb_provider_market[0m[2m:[0m Bars fetch error for ETHUSDT: error returned from database: (code: 787) FOREIGN KEY constraint failed
[2m2026-02-04T06:16:52.546681Z[0m [31mERROR[0m [2mtb_provider_market[0m[2m:[0m Quote fetch error for SOLUSDT: error returned from database: (code: 787) FOREIGN KEY constraint failed
[2m2026-02-04T06:16:52.584956Z[0m [31mERROR[0m [2mtb_provider_market[0m[2m:[0m Bars fetch error for SOLUSDT: error returned from database: (code: 787) FOREIGN KEY constraint failed
[2m2026-02-04T06:16:57.623926Z[0m [31mERROR[0m [2mtb_provider_market[0m[2m:[0m Quote fetch error for BTCUSDT: error returned from database: (code: 787) FOREIGN KEY constraint failed
[2m2026-02-04T06:16:57.662729Z[0m [31mERROR[0m [2mtb_provider_market[0m[2m:[0m Bars fetch error for BTCUSDT: error returned from database: (code: 787) FOREIGN KEY constraint failed
[2m2026-02-04T06:16:57.700061Z[0m [31mERROR[0m [2mtb_provider_market[0m[2m:[0m Quote fetch error for ETHUSDT: error returned from database: (code: 787) FOREIGN KEY constraint failed
[2m2026-02-04T06:16:57.741095Z[0m [31mERROR[0m [2mtb_provider_market[0m[2m:[0m Bars fetch error for ETHUSDT: error returned from database: (code: 787) FOREIGN KEY constraint failed
[2m2026-02-04T06:16:57.777851Z[0m [31mERROR[0m [2mtb_provider_market[0m[2m:[0m Quote fetch error for SOLUSDT: error returned from database: (code: 787) FOREIGN KEY constraint failed
[2m2026-02-04T06:16:57.816734Z[0m [31mERROR[0m [2mtb_provider_market[0m[2m:[0m Bars fetch error for SOLUSDT: error returned from database: (code: 787) FOREIGN KEY constraint failed
[2m2026-02-04T06:17:02.857131Z[0m [31mERROR[0m [2mtb_provider_market[0m[2m:[0m Quote fetch error for BTCUSDT: error returned from database: (code: 787) FOREIGN KEY constraint failed
[2m2026-02-04T06:17:02.896190Z[0m [31mERROR[0m [2mtb_provider_market[0m[2m:[0m Bars fetch error for BTCUSDT: error returned from database: (code: 787) FOREIGN KEY constraint failed
[2m2026-02-04T06:17:02.932827Z[0m [31mERROR[0m [2mtb_provider_market[0m[2m:[0m Quote fetch error for ETHUSDT: error returned from database: (code: 787) FOREIGN KEY constraint failed
[2m2026-02-04T06:17:02.971560Z[0m [31mERROR[0m [2mtb_provider_market[0m[2m:[0m Bars fetch error for ETHUSDT: error returned from database: (code: 787) FOREIGN KEY constraint failed
[2m2026-02-04T06:17:03.008030Z[0m [31mERROR[0m [2mtb_provider_market[0m[2m:[0m Quote fetch error for SOLUSDT: error returned from database: (code: 787) FOREIGN KEY constraint failed
[2m2026-02-04T06:17:03.046953Z[0m [31mERROR[0m [2mtb_provider_market[0m[2m:[0m Bars fetch error for SOLUSDT: error returned from database: (code: 787) FOREIGN KEY constraint failed
[2m2026-02-04T06:17:08.086600Z[0m [31mERROR[0m [2mtb_provider_market[0m[2m:[0m Quote fetch error for BTCUSDT: error returned from database: (code: 787) FOREIGN KEY constraint failed
[2m2026-02-04T06:17:08.126321Z[0m [31mERROR[0m [2mtb_provider_market[0m[2m:[0m Bars fetch error for BTCUSDT: error returned from database: (code: 787) FOREIGN KEY constraint failed
[2m2026-02-04T06:17:08.162850Z[0m [31mERROR[0m [2mtb_provider_market[0m[2m:[0m Quote fetch error for ETHUSDT: error returned from database: (code: 787) FOREIGN KEY constraint failed
[2m2026-02-04T06:17:08.201826Z[0m [31mERROR[0m [2mtb_provider_market[0m[2m:[0m Bars fetch error for ETHUSDT: error returned from database: (code: 787) FOREIGN KEY constraint failed
[2m2026-02-04T06:17:08.239506Z[0m [31mERROR[0m [2mtb_provider_market[0m[2m:[0m Quote fetch error for SOLUSDT: error returned from database: (code: 787) FOREIGN KEY constraint failed
[2m2026-02-04T06:17:08.278652Z[0m [31mERROR[0m [2mtb_provider_market[0m[2m:[0m Bars fetch error for SOLUSDT: error returned from database: (code: 787) FOREIGN KEY constraint failed
[2m2026-02-04T06:17:13.317482Z[0m [31mERROR[0m [2mtb_provider_market[0m[2m:[0m Quote fetch error for BTCUSDT: error returned from database: (code: 787) FOREIGN KEY constraint failed
[2m2026-02-04T06:17:13.358390Z[0m [31mERROR[0m [2mtb_provider_market[0m[2m:[0m Bars fetch error for BTCUSDT: error returned from database: (code: 787) FOREIGN KEY constraint failed
[2m2026-02-04T06:17:13.395477Z[0m [31mERROR[0m [2mtb_provider_market[0m[2m:[0m Quote fetch error for ETHUSDT: error returned from database: (code: 787) FOREIGN KEY constraint failed
[2m2026-02-04T06:17:13.434356Z[0m [31mERROR[0m [2mtb_provider_market[0m[2m:[0m Bars fetch error for ETHUSDT: error returned from database: (code: 787) FOREIGN KEY constraint failed
[2m2026-02-04T06:17:13.470956Z[0m [31mERROR[0m [2mtb_provider_market[0m[2m:[0m Quote fetch error for SOLUSDT: error returned from database: (code: 787) FOREIGN KEY constraint failed
[2m2026-02-04T06:17:13.509693Z[0m [31mERROR[0m [2mtb_provider_market[0m[2m:[0m Bars fetch error for SOLUSDT: error returned from database: (code: 787) FOREIGN KEY constraint failed
[2m2026-02-04T06:17:18.549435Z[0m [31mERROR[0m [2mtb_provider_market[0m[2m:[0m Quote fetch error for BTCUSDT: error returned from database: (code: 787) FOREIGN KEY constraint failed
[2m2026-02-04T06:17:18.589011Z[0m [31mERROR[0m [2mtb_provider_market[0m[2m:[0m Bars fetch error for BTCUSDT: error returned from database: (code: 787) FOREIGN KEY constraint failed
[2m2026-02-04T06:17:18.625878Z[0m [31mERROR[0m [2mtb_provider_market[0m[2m:[0m Quote fetch error for ETHUSDT: error returned from database: (code: 787) FOREIGN KEY constraint failed
[2m2026-02-04T06:17:18.665452Z[0m [31mERROR[0m [2mtb_provider_market[0m[2m:[0m Bars fetch error for ETHUSDT: error returned from database: (code: 787) FOREIGN KEY constraint failed
[2m2026-02-04T06:17:18.703468Z[0m [31mERROR[0m [2mtb_provider_market[0m[2m:[0m Quote fetch error for SOLUSDT: error returned from database: (code: 787) FOREIGN KEY constraint failed
[2m2026-02-04T06:17:18.742957Z[0m [31mERROR[0m [2mtb_provider_market[0m[2m:[0m Bars fetch error for SOLUSDT: error returned from database: (code: 787) FOREIGN KEY constraint failed
[2m2026-02-04T06:17:23.781456Z[0m [31mERROR[0m [2mtb_provider_market[0m[2m:[0m Quote fetch error for BTCUSDT: error returned from database: (code: 787) FOREIGN KEY constraint failed
[2m2026-02-04T06:17:23.820202Z[0m [31mERROR[0m [2mtb_provider_market[0m[2m:[0m Bars fetch error for BTCUSDT: error returned from database: (code: 787) FOREIGN KEY constraint failed
[2m2026-02-04T06:17:23.858156Z[0m [31mERROR[0m [2mtb_provider_market[0m[2m:[0m Quote fetch error for ETHUSDT: error returned from database: (code: 787) FOREIGN KEY constraint failed
[2m2026-02-04T06:17:23.897030Z[0m [31mERROR[0m [2mtb_provider_market[0m[2m:[0m Bars fetch error for ETHUSDT: error returned from database: (code: 787) FOREIGN KEY constraint failed
[2m2026-02-04T06:17:23.934326Z[0m [31mERROR[0m [2mtb_provider_market[0m[2m:[0m Quote fetch error for SOLUSDT: error returned from database: (code: 787) FOREIGN KEY constraint failed
[2m2026-02-04T06:17:23.973582Z[0m [31mERROR[0m [2mtb_provider_market[0m[2m:[0m Bars fetch error for SOLUSDT: error returned from database: (code: 787) FOREIGN KEY constraint failed
[2m2026-02-04T06:17:29.013775Z[0m [31mERROR[0m [2mtb_provider_market[0m[2m:[0m Quote fetch error for BTCUSDT: error returned from database: (code: 787) FOREIGN KEY constraint failed
[2m2026-02-04T06:17:29.052830Z[0m [31mERROR[0m [2mtb_provider_market[0m[2m:[0m Bars fetch error for BTCUSDT: error returned from database: (code: 787) FOREIGN KEY constraint failed
[2m2026-02-04T06:17:29.090132Z[0m [31mERROR[0m [2mtb_provider_market[0m[2m:[0m Quote fetch error for ETHUSDT: error returned from database: (code: 787) FOREIGN KEY constraint failed
[2m2026-02-04T06:17:29.129680Z[0m [31mERROR[0m [2mtb_provider_market[0m[2m:[0m Bars fetch error for ETHUSDT: error returned from database: (code: 787) FOREIGN KEY constraint failed
[2m2026-02-04T06:17:29.166742Z[0m [31mERROR[0m [2mtb_provider_market[0m[2m:[0m Quote fetch error for SOLUSDT: error returned from database: (code: 787) FOREIGN KEY constraint failed
[2m2026-02-04T06:17:29.205798Z[0m [31mERROR[0m [2mtb_provider_market[0m[2m:[0m Bars fetch error for SOLUSDT: error returned from database: (code: 787) FOREIGN KEY constraint failed
[2m2026-02-04T06:17:34.246366Z[0m [31mERROR[0m [2mtb_provider_market[0m[2m:[0m Quote fetch error for BTCUSDT: error returned from database: (code: 787) FOREIGN KEY constraint failed
[2m2026-02-04T06:17:34.287231Z[0m [31mERROR[0m [2mtb_provider_market[0m[2m:[0m Bars fetch error for BTCUSDT: error returned from database: (code: 787) FOREIGN KEY constraint failed
[2m2026-02-04T06:17:34.324382Z[0m [31mERROR[0m [2mtb_provider_market[0m[2m:[0m Quote fetch error for ETHUSDT: error returned from database: (code: 787) FOREIGN KEY constraint failed
[2m2026-02-04T06:17:34.363313Z[0m [31mERROR[0m [2mtb_provider_market[0m[2m:[0m Bars fetch error for ETHUSDT: error returned from database: (code: 787) FOREIGN KEY constraint failed
[2m2026-02-04T06:17:34.400275Z[0m [31mERROR[0m [2mtb_provider_market[0m[2m:[0m Quote fetch error for SOLUSDT: error returned from database: (code: 787) FOREIGN KEY constraint failed
[2m2026-02-04T06:17:34.439790Z[0m [31mERROR[0m [2mtb_provider_market[0m[2m:[0m Bars fetch error for SOLUSDT: error returned from database: (code: 787) FOREIGN KEY constraint failed
[2m2026-02-04T06:17:39.494200Z[0m [31mERROR[0m [2mtb_provider_market[0m[2m:[0m Quote fetch error for BTCUSDT: error returned from database: (code: 787) FOREIGN KEY constraint failed
[2m2026-02-04T06:17:39.538221Z[0m [31mERROR[0m [2mtb_provider_market[0m[2m:[0m Bars fetch error for BTCUSDT: error returned from database: (code: 787) FOREIGN KEY constraint failed
[2m2026-02-04T06:17:39.578291Z[0m [31mERROR[0m [2mtb_provider_market[0m[2m:[0m Quote fetch error for ETHUSDT: error returned from database: (code: 787) FOREIGN KEY constraint failed
[2m2026-02-04T06:17:39.617382Z[0m [31mERROR[0m [2mtb_provider_market[0m[2m:[0m Bars fetch error for ETHUSDT: error returned from database: (code: 787) FOREIGN KEY constraint failed
[2m2026-02-04T06:17:39.654005Z[0m [31mERROR[0m [2mtb_provider_market[0m[2m:[0m Quote fetch error for SOLUSDT: error returned from database: (code: 787) FOREIGN KEY constraint failed
[2m2026-02-04T06:17:39.692246Z[0m [31mERROR[0m [2mtb_provider_market[0m[2m:[0m Bars fetch error for SOLUSDT: error returned from database: (code: 787) FOREIGN KEY constraint failed
[2m2026-02-04T06:17:44.729885Z[0m [31mERROR[0m [2mtb_provider_market[0m[2m:[0m Quote fetch error for BTCUSDT: error returned from database: (code: 787) FOREIGN KEY constraint failed
[2m2026-02-04T06:17:44.768753Z[0m [31mERROR[0m [2mtb_provider_market[0m[2m:[0m Bars fetch error for BTCUSDT: error returned from database: (code: 787) FOREIGN KEY constraint failed
[2m2026-02-04T06:17:44.805598Z[0m [31mERROR[0m [2mtb_provider_market[0m[2m:[0m Quote fetch error for ETHUSDT: error returned from database: (code: 787) FOREIGN KEY constraint failed
[2m2026-02-04T06:17:44.845120Z[0m [31mERROR[0m [2mtb_provider_market[0m[2m:[0m Bars fetch error for ETHUSDT: error returned from database: (code: 787) FOREIGN KEY constraint failed
[2m2026-02-04T06:17:44.881587Z[0m [31mERROR[0m [2mtb_provider_market[0m[2m:[0m Quote fetch error for SOLUSDT: error returned from database: (code: 787) FOREIGN KEY constraint failed
[2m2026-02-04T06:17:44.920650Z[0m [31mERROR[0m [2mtb_provider_market[0m[2m:[0m Bars fetch error for SOLUSDT: error returned from database: (code: 787) FOREIGN KEY constraint failed
[2m2026-02-04T06:17:49.958568Z[0m [31mERROR[0m [2mtb_provider_market[0m[2m:[0m Quote fetch error for BTCUSDT: error returned from database: (code: 787) FOREIGN KEY constraint failed
[2m2026-02-04T06:17:49.997297Z[0m [31mERROR[0m [2mtb_provider_market[0m[2m:[0m Bars fetch error for BTCUSDT: error returned from database: (code: 787) FOREIGN KEY constraint failed
[2m2026-02-04T06:17:50.033787Z[0m [31mERROR[0m [2mtb_provider_market[0m[2m:[0m Quote fetch error for ETHUSDT: error returned from database: (code: 787) FOREIGN KEY constraint failed
[2m2026-02-04T06:17:50.073473Z[0m [31mERROR[0m [2mtb_provider_market[0m[2m:[0m Bars fetch error for ETHUSDT: error returned from database: (code: 787) FOREIGN KEY constraint failed
[2m2026-02-04T06:17:50.110291Z[0m [31mERROR[0m [2mtb_provider_market[0m[2m:[0m Quote fetch error for SOLUSDT: error returned from database: (code: 787) FOREIGN KEY constraint failed
[2m2026-02-04T06:17:50.148508Z[0m [31mERROR[0m [2mtb_provider_market[0m[2m:[0m Bars fetch error for SOLUSDT: error returned from database: (code: 787) FOREIGN KEY constraint failed
[2m2026-02-04T06:17:55.186625Z[0m [31mERROR[0m [2mtb_provider_market[0m[2m:[0m Quote fetch error for BTCUSDT: error returned from database: (code: 787) FOREIGN KEY constraint failed
[2m2026-02-04T06:17:55.225552Z[0m [31mERROR[0m [2mtb_provider_market[0m[2m:[0m Bars fetch error for BTCUSDT: error returned from database: (code: 787) FOREIGN KEY constraint failed
[2m2026-02-04T06:17:55.261921Z[0m [31mERROR[0m [2mtb_provider_market[0m[2m:[0m Quote fetch error for ETHUSDT: error returned from database: (code: 787) FOREIGN KEY constraint failed
[2m2026-02-04T06:17:55.301875Z[0m [31mERROR[0m [2mtb_provider_market[0m[2m:[0m Bars fetch error for ETHUSDT: error returned from database: (code: 787) FOREIGN KEY constraint failed
[2m2026-02-04T06:17:55.339122Z[0m [31mERROR[0m [2mtb_provider_market[0m[2m:[0m Quote fetch error for SOLUSDT: error returned from database: (code: 787) FOREIGN KEY constraint failed
[2m2026-02-04T06:17:55.378438Z[0m [31mERROR[0m [2mtb_provider_market[0m[2m:[0m Bars fetch error for SOLUSDT: error returned from database: (code: 787) FOREIGN KEY constraint failed
[2m2026-02-04T06:18:00.416886Z[0m [31mERROR[0m [2mtb_provider_market[0m[2m:[0m Quote fetch error for BTCUSDT: error returned from database: (code: 787) FOREIGN KEY constraint failed
[2m2026-02-04T06:18:00.457424Z[0m [31mERROR[0m [2mtb_provider_market[0m[2m:[0m Bars fetch error for BTCUSDT: error returned from database: (code: 787) FOREIGN KEY constraint failed
[2m2026-02-04T06:18:00.494978Z[0m [31mERROR[0m [2mtb_provider_market[0m[2m:[0m Quote fetch error for ETHUSDT: error returned from database: (code: 787) FOREIGN KEY constraint failed
[2m2026-02-04T06:18:00.534078Z[0m [31mERROR[0m [2mtb_provider_market[0m[2m:[0m Bars fetch error for ETHUSDT: error returned from database: (code: 787) FOREIGN KEY constraint failed
[2m2026-02-04T06:18:00.570760Z[0m [31mERROR[0m [2mtb_provider_market[0m[2m:[0m Quote fetch error for SOLUSDT: error returned from database: (code: 787) FOREIGN KEY constraint failed
[2m2026-02-04T06:18:00.609484Z[0m [31mERROR[0m [2mtb_provider_market[0m[2m:[0m Bars fetch error for SOLUSDT: error returned from database: (code: 787) FOREIGN KEY constraint failed
[2m2026-02-04T06:18:05.648503Z[0m [31mERROR[0m [2mtb_provider_market[0m[2m:[0m Quote fetch error for BTCUSDT: error returned from database: (code: 787) FOREIGN KEY constraint failed
[2m2026-02-04T06:18:05.687021Z[0m [31mERROR[0m [2mtb_provider_market[0m[2m:[0m Bars fetch error for BTCUSDT: error returned from database: (code: 787) FOREIGN KEY constraint failed
[2m2026-02-04T06:18:05.723775Z[0m [31mERROR[0m [2mtb_provider_market[0m[2m:[0m Quote fetch error for ETHUSDT: error returned from database: (code: 787) FOREIGN KEY constraint failed
[2m2026-02-04T06:18:05.762537Z[0m [31mERROR[0m [2mtb_provider_market[0m[2m:[0m Bars fetch error for ETHUSDT: error returned from database: (code: 787) FOREIGN KEY constraint failed
[2m2026-02-04T06:18:05.799265Z[0m [31mERROR[0m [2mtb_provider_market[0m[2m:[0m Quote fetch error for SOLUSDT: error returned from database: (code: 787) FOREIGN KEY constraint failed
[2m2026-02-04T06:18:05.837770Z[0m [31mERROR[0m [2mtb_provider_market[0m[2m:[0m Bars fetch error for SOLUSDT: error returned from database: (code: 787) FOREIGN KEY constraint failed
[2m2026-02-04T06:18:10.877386Z[0m [31mERROR[0m [2mtb_provider_market[0m[2m:[0m Quote fetch error for BTCUSDT: error returned from database: (code: 787) FOREIGN KEY constraint failed
[2m2026-02-04T06:18:10.916228Z[0m [31mERROR[0m [2mtb_provider_market[0m[2m:[0m Bars fetch error for BTCUSDT: error returned from database: (code: 787) FOREIGN KEY constraint failed
[2m2026-02-04T06:18:10.953724Z[0m [31mERROR[0m [2mtb_provider_market[0m[2m:[0m Quote fetch error for ETHUSDT: error returned from database: (code: 787) FOREIGN KEY constraint failed
[2m2026-02-04T06:18:10.993435Z[0m [31mERROR[0m [2mtb_provider_market[0m[2m:[0m Bars fetch error for ETHUSDT: error returned from database: (code: 787) FOREIGN KEY constraint failed
[2m2026-02-04T06:18:11.030789Z[0m [31mERROR[0m [2mtb_provider_market[0m[2m:[0m Quote fetch error for SOLUSDT: error returned from database: (code: 787) FOREIGN KEY constraint failed
[2m2026-02-04T06:18:11.069765Z[0m [31mERROR[0m [2mtb_provider_market[0m[2m:[0m Bars fetch error for SOLUSDT: error returned from database: (code: 787) FOREIGN KEY constraint failed
[2m2026-02-04T06:18:16.109711Z[0m [31mERROR[0m [2mtb_provider_market[0m[2m:[0m Quote fetch error for BTCUSDT: error returned from database: (code: 787) FOREIGN KEY constraint failed
[2m2026-02-04T06:18:16.148761Z[0m [31mERROR[0m [2mtb_provider_market[0m[2m:[0m Bars fetch error for BTCUSDT: error returned from database: (code: 787) FOREIGN KEY constraint failed
[2m2026-02-04T06:18:16.185823Z[0m [31mERROR[0m [2mtb_provider_market[0m[2m:[0m Quote fetch error for ETHUSDT: error returned from database: (code: 787) FOREIGN KEY constraint failed
[2m2026-02-04T06:18:16.224804Z[0m [31mERROR[0m [2mtb_provider_market[0m[2m:[0m Bars fetch error for ETHUSDT: error returned from database: (code: 787) FOREIGN KEY constraint failed
[2m2026-02-04T06:18:16.261823Z[0m [31mERROR[0m [2mtb_provider_market[0m[2m:[0m Quote fetch error for SOLUSDT: error returned from database: (code: 787) FOREIGN KEY constraint failed
[2m2026-02-04T06:18:16.301163Z[0m [31mERROR[0m [2mtb_provider_market[0m[2m:[0m Bars fetch error for SOLUSDT: error returned from database: (code: 787) FOREIGN KEY constraint failed
[2m2026-02-04T06:18:21.339311Z[0m [31mERROR[0m [2mtb_provider_market[0m[2m:[0m Quote fetch error for BTCUSDT: error returned from database: (code: 787) FOREIGN KEY constraint failed
[2m2026-02-04T06:18:21.377903Z[0m [31mERROR[0m [2mtb_provider_market[0m[2m:[0m Bars fetch error for BTCUSDT: error returned from database: (code: 787) FOREIGN KEY constraint failed
[2m2026-02-04T06:18:21.415284Z[0m [31mERROR[0m [2mtb_provider_market[0m[2m:[0m Quote fetch error for ETHUSDT: error returned from database: (code: 787) FOREIGN KEY constraint failed
[2m2026-02-04T06:18:21.456369Z[0m [31mERROR[0m [2mtb_provider_market[0m[2m:[0m Bars fetch error for ETHUSDT: error returned from database: (code: 787) FOREIGN KEY constraint failed
[2m2026-02-04T06:18:21.493147Z[0m [31mERROR[0m [2mtb_provider_market[0m[2m:[0m Quote fetch error for SOLUSDT: error returned from database: (code: 787) FOREIGN KEY constraint failed
[2m2026-02-04T06:18:21.532807Z[0m [31mERROR[0m [2mtb_provider_market[0m[2m:[0m Bars fetch error for SOLUSDT: error returned from database: (code: 787) FOREIGN KEY constraint failed
[2m2026-02-04T06:18:26.572303Z[0m [31mERROR[0m [2mtb_provider_market[0m[2m:[0m Quote fetch error for BTCUSDT: error returned from database: (code: 787) FOREIGN KEY constraint failed
[2m2026-02-04T06:18:26.612797Z[0m [31mERROR[0m [2mtb_provider_market[0m[2m:[0m Bars fetch error for BTCUSDT: error returned from database: (code: 787) FOREIGN KEY constraint failed
[2m2026-02-04T06:18:26.649524Z[0m [31mERROR[0m [2mtb_provider_market[0m[2m:[0m Quote fetch error for ETHUSDT: error returned from database: (code: 787) FOREIGN KEY constraint failed
[2m2026-02-04T06:18:26.692824Z[0m [31mERROR[0m [2mtb_provider_market[0m[2m:[0m Bars fetch error for ETHUSDT: error returned from database: (code: 787) FOREIGN KEY constraint failed
[2m2026-02-04T06:18:26.730561Z[0m [31mERROR[0m [2mtb_provider_market[0m[2m:[0m Quote fetch error for SOLUSDT: error returned from database: (code: 787) FOREIGN KEY constraint failed
[2m2026-02-04T06:18:26.769006Z[0m [31mERROR[0m [2mtb_provider_market[0m[2m:[0m Bars fetch error for SOLUSDT: error returned from database: (code: 787) FOREIGN KEY constraint failed
[2m2026-02-04T06:18:31.807649Z[0m [31mERROR[0m [2mtb_provider_market[0m[2m:[0m Quote fetch error for BTCUSDT: error returned from database: (code: 787) FOREIGN KEY constraint failed
[2m2026-02-04T06:18:31.846868Z[0m [31mERROR[0m [2mtb_provider_market[0m[2m:[0m Bars fetch error for BTCUSDT: error returned from database: (code: 787) FOREIGN KEY constraint failed
[2m2026-02-04T06:18:31.883585Z[0m [31mERROR[0m [2mtb_provider_market[0m[2m:[0m Quote fetch error for ETHUSDT: error returned from database: (code: 787) FOREIGN KEY constraint failed
[2m2026-02-04T06:18:31.927977Z[0m [31mERROR[0m [2mtb_provider_market[0m[2m:[0m Bars fetch error for ETHUSDT: error returned from database: (code: 787) FOREIGN KEY constraint failed
[2m2026-02-04T06:18:31.964768Z[0m [31mERROR[0m [2mtb_provider_market[0m[2m:[0m Quote fetch error for SOLUSDT: error returned from database: (code: 787) FOREIGN KEY constraint failed
[2m2026-02-04T06:18:32.003908Z[0m [31mERROR[0m [2mtb_provider_market[0m[2m:[0m Bars fetch error for SOLUSDT: error returned from database: (code: 787) FOREIGN KEY constraint failed
[2m2026-02-04T06:18:37.044078Z[0m [31mERROR[0m [2mtb_provider_market[0m[2m:[0m Quote fetch error for BTCUSDT: error returned from database: (code: 787) FOREIGN KEY constraint failed
[2m2026-02-04T06:18:37.083972Z[0m [31mERROR[0m [2mtb_provider_market[0m[2m:[0m Bars fetch error for BTCUSDT: error returned from database: (code: 787) FOREIGN KEY constraint failed
[2m2026-02-04T06:18:37.121206Z[0m [31mERROR[0m [2mtb_provider_market[0m[2m:[0m Quote fetch error for ETHUSDT: error returned from database: (code: 787) FOREIGN KEY constraint failed
[2m2026-02-04T06:18:37.160704Z[0m [31mERROR[0m [2mtb_provider_market[0m[2m:[0m Bars fetch error for ETHUSDT: error returned from database: (code: 787) FOREIGN KEY constraint failed
[2m2026-02-04T06:18:37.197788Z[0m [31mERROR[0m [2mtb_provider_market[0m[2m:[0m Quote fetch error for SOLUSDT: error returned from database: (code: 787) FOREIGN KEY constraint failed
[2m2026-02-04T06:18:37.237236Z[0m [31mERROR[0m [2mtb_provider_market[0m[2m:[0m Bars fetch error for SOLUSDT: error returned from database: (code: 787) FOREIGN KEY constraint failed
[2m2026-02-04T06:18:42.276128Z[0m [31mERROR[0m [2mtb_provider_market[0m[2m:[0m Quote fetch error for BTCUSDT: error returned from database: (code: 787) FOREIGN KEY constraint failed
[2m2026-02-04T06:18:42.318299Z[0m [31mERROR[0m [2mtb_provider_market[0m[2m:[0m Bars fetch error for BTCUSDT: error returned from database: (code: 787) FOREIGN KEY constraint failed
[2m2026-02-04T06:18:42.355262Z[0m [31mERROR[0m [2mtb_provider_market[0m[2m:[0m Quote fetch error for ETHUSDT: error returned from database: (code: 787) FOREIGN KEY constraint failed
[2m2026-02-04T06:18:42.394227Z[0m [31mERROR[0m [2mtb_provider_market[0m[2m:[0m Bars fetch error for ETHUSDT: error returned from database: (code: 787) FOREIGN KEY constraint failed
[2m2026-02-04T06:18:42.431130Z[0m [31mERROR[0m [2mtb_provider_market[0m[2m:[0m Quote fetch error for SOLUSDT: error returned from database: (code: 787) FOREIGN KEY constraint failed
[2m2026-02-04T06:18:42.471702Z[0m [31mERROR[0m [2mtb_provider_market[0m[2m:[0m Bars fetch error for SOLUSDT: error returned from database: (code: 787) FOREIGN KEY constraint failed
[2m2026-02-04T06:18:47.512235Z[0m [31mERROR[0m [2mtb_provider_market[0m[2m:[0m Quote fetch error for BTCUSDT: error returned from database: (code: 787) FOREIGN KEY constraint failed
[2m2026-02-04T06:18:47.552749Z[0m [31mERROR[0m [2mtb_provider_market[0m[2m:[0m Bars fetch error for BTCUSDT: error returned from database: (code: 787) FOREIGN KEY constraint failed
[2m2026-02-04T06:18:47.589499Z[0m [31mERROR[0m [2mtb_provider_market[0m[2m:[0m Quote fetch error for ETHUSDT: error returned from database: (code: 787) FOREIGN KEY constraint failed
[2m2026-02-04T06:18:47.629041Z[0m [31mERROR[0m [2mtb_provider_market[0m[2m:[0m Bars fetch error for ETHUSDT: error returned from database: (code: 787) FOREIGN KEY constraint failed
[2m2026-02-04T06:18:47.666245Z[0m [31mERROR[0m [2mtb_provider_market[0m[2m:[0m Quote fetch error for SOLUSDT: error returned from database: (code: 787) FOREIGN KEY constraint failed
[2m2026-02-04T06:18:47.707741Z[0m [31mERROR[0m [2mtb_provider_market[0m[2m:[0m Bars fetch error for SOLUSDT: error returned from database: (code: 787) FOREIGN KEY constraint failed
[2m2026-02-04T06:18:52.746117Z[0m [31mERROR[0m [2mtb_provider_market[0m[2m:[0m Quote fetch error for BTCUSDT: error returned from database: (code: 787) FOREIGN KEY constraint failed
[2m2026-02-04T06:18:52.785616Z[0m [31mERROR[0m [2mtb_provider_market[0m[2m:[0m Bars fetch error for BTCUSDT: error returned from database: (code: 787) FOREIGN KEY constraint failed
[2m2026-02-04T06:18:52.823127Z[0m [31mERROR[0m [2mtb_provider_market[0m[2m:[0m Quote fetch error for ETHUSDT: error returned from database: (code: 787) FOREIGN KEY constraint failed
[2m2026-02-04T06:18:52.862241Z[0m [31mERROR[0m [2mtb_provider_market[0m[2m:[0m Bars fetch error for ETHUSDT: error returned from database: (code: 787) FOREIGN KEY constraint failed
[2m2026-02-04T06:18:52.899425Z[0m [31mERROR[0m [2mtb_provider_market[0m[2m:[0m Quote fetch error for SOLUSDT: error returned from database: (code: 787) FOREIGN KEY constraint failed
[2m2026-02-04T06:18:52.937757Z[0m [31mERROR[0m [2mtb_provider_market[0m[2m:[0m Bars fetch error for SOLUSDT: error returned from database: (code: 787) FOREIGN KEY constraint failed
[2m2026-02-04T06:18:57.978543Z[0m [31mERROR[0m [2mtb_provider_market[0m[2m:[0m Quote fetch error for BTCUSDT: error returned from database: (code: 787) FOREIGN KEY constraint failed
[2m2026-02-04T06:18:58.017704Z[0m [31mERROR[0m [2mtb_provider_market[0m[2m:[0m Bars fetch error for BTCUSDT: error returned from database: (code: 787) FOREIGN KEY constraint failed
[2m2026-02-04T06:18:58.055249Z[0m [31mERROR[0m [2mtb_provider_market[0m[2m:[0m Quote fetch error for ETHUSDT: error returned from database: (code: 787) FOREIGN KEY constraint failed
[2m2026-02-04T06:18:58.094578Z[0m [31mERROR[0m [2mtb_provider_market[0m[2m:[0m Bars fetch error for ETHUSDT: error returned from database: (code: 787) FOREIGN KEY constraint failed
[2m2026-02-04T06:18:58.131198Z[0m [31mERROR[0m [2mtb_provider_market[0m[2m:[0m Quote fetch error for SOLUSDT: error returned from database: (code: 787) FOREIGN KEY constraint failed
[2m2026-02-04T06:18:58.170322Z[0m [31mERROR[0m [2mtb_provider_market[0m[2m:[0m Bars fetch error for SOLUSDT: error returned from database: (code: 787) FOREIGN KEY constraint failed
[2m2026-02-04T06:19:03.209413Z[0m [31mERROR[0m [2mtb_provider_market[0m[2m:[0m Quote fetch error for BTCUSDT: error returned from database: (code: 787) FOREIGN KEY constraint failed
[2m2026-02-04T06:19:03.248080Z[0m [31mERROR[0m [2mtb_provider_market[0m[2m:[0m Bars fetch error for BTCUSDT: error returned from database: (code: 787) FOREIGN KEY constraint failed
[2m2026-02-04T06:19:03.285437Z[0m [31mERROR[0m [2mtb_provider_market[0m[2m:[0m Quote fetch error for ETHUSDT: error returned from database: (code: 787) FOREIGN KEY constraint failed
[2m2026-02-04T06:19:03.324085Z[0m [31mERROR[0m [2mtb_provider_market[0m[2m:[0m Bars fetch error for ETHUSDT: error returned from database: (code: 787) FOREIGN KEY constraint failed
[2m2026-02-04T06:19:03.360609Z[0m [31mERROR[0m [2mtb_provider_market[0m[2m:[0m Quote fetch error for SOLUSDT: error returned from database: (code: 787) FOREIGN KEY constraint failed
[2m2026-02-04T06:19:03.398801Z[0m [31mERROR[0m [2mtb_provider_market[0m[2m:[0m Bars fetch error for SOLUSDT: error returned from database: (code: 787) FOREIGN KEY constraint failed
[2m2026-02-04T06:19:08.437852Z[0m [31mERROR[0m [2mtb_provider_market[0m[2m:[0m Quote fetch error for BTCUSDT: error returned from database: (code: 787) FOREIGN KEY constraint failed
[2m2026-02-04T06:19:08.477834Z[0m [31mERROR[0m [2mtb_provider_market[0m[2m:[0m Bars fetch error for BTCUSDT: error returned from database: (code: 787) FOREIGN KEY constraint failed
[2m2026-02-04T06:19:08.514992Z[0m [31mERROR[0m [2mtb_provider_market[0m[2m:[0m Quote fetch error for ETHUSDT: error returned from database: (code: 787) FOREIGN KEY constraint failed
[2m2026-02-04T06:19:08.553580Z[0m [31mERROR[0m [2mtb_provider_market[0m[2m:[0m Bars fetch error for ETHUSDT: error returned from database: (code: 787) FOREIGN KEY constraint failed
[2m2026-02-04T06:19:08.590625Z[0m [31mERROR[0m [2mtb_provider_market[0m[2m:[0m Quote fetch error for SOLUSDT: error returned from database: (code: 787) FOREIGN KEY constraint failed
[2m2026-02-04T06:19:08.629617Z[0m [31mERROR[0m [2mtb_provider_market[0m[2m:[0m Bars fetch error for SOLUSDT: error returned from database: (code: 787) FOREIGN KEY constraint failed
[2m2026-02-04T06:19:13.667543Z[0m [31mERROR[0m [2mtb_provider_market[0m[2m:[0m Quote fetch error for BTCUSDT: error returned from database: (code: 787) FOREIGN KEY constraint failed
[2m2026-02-04T06:19:13.706738Z[0m [31mERROR[0m [2mtb_provider_market[0m[2m:[0m Bars fetch error for BTCUSDT: error returned from database: (code: 787) FOREIGN KEY constraint failed
[2m2026-02-04T06:19:13.743641Z[0m [31mERROR[0m [2mtb_provider_market[0m[2m:[0m Quote fetch error for ETHUSDT: error returned from database: (code: 787) FOREIGN KEY constraint failed
[2m2026-02-04T06:19:13.782754Z[0m [31mERROR[0m [2mtb_provider_market[0m[2m:[0m Bars fetch error for ETHUSDT: error returned from database: (code: 787) FOREIGN KEY constraint failed
[2m2026-02-04T06:19:13.819788Z[0m [31mERROR[0m [2mtb_provider_market[0m[2m:[0m Quote fetch error for SOLUSDT: error returned from database: (code: 787) FOREIGN KEY constraint failed
[2m2026-02-04T06:19:13.860288Z[0m [31mERROR[0m [2mtb_provider_market[0m[2m:[0m Bars fetch error for SOLUSDT: error returned from database: (code: 787) FOREIGN KEY constraint failed
[2m2026-02-04T06:19:18.900554Z[0m [31mERROR[0m [2mtb_provider_market[0m[2m:[0m Quote fetch error for BTCUSDT: error returned from database: (code: 787) FOREIGN KEY constraint failed
[2m2026-02-04T06:19:18.940085Z[0m [31mERROR[0m [2mtb_provider_market[0m[2m:[0m Bars fetch error for BTCUSDT: error returned from database: (code: 787) FOREIGN KEY constraint failed
[2m2026-02-04T06:19:18.977302Z[0m [31mERROR[0m [2mtb_provider_market[0m[2m:[0m Quote fetch error for ETHUSDT: error returned from database: (code: 787) FOREIGN KEY constraint failed
[2m2026-02-04T06:19:19.016238Z[0m [31mERROR[0m [2mtb_provider_market[0m[2m:[0m Bars fetch error for ETHUSDT: error returned from database: (code: 787) FOREIGN KEY constraint failed
[2m2026-02-04T06:19:19.053508Z[0m [31mERROR[0m [2mtb_provider_market[0m[2m:[0m Quote fetch error for SOLUSDT: error returned from database: (code: 787) FOREIGN KEY constraint failed
[2m2026-02-04T06:19:19.094269Z[0m [31mERROR[0m [2mtb_provider_market[0m[2m:[0m Bars fetch error for SOLUSDT: error returned from database: (code: 787) FOREIGN KEY constraint failed
[2m2026-02-04T06:19:24.133990Z[0m [31mERROR[0m [2mtb_provider_market[0m[2m:[0m Quote fetch error for BTCUSDT: error returned from database: (code: 787) FOREIGN KEY constraint failed
[2m2026-02-04T06:19:24.172613Z[0m [31mERROR[0m [2mtb_provider_market[0m[2m:[0m Bars fetch error for BTCUSDT: error returned from database: (code: 787) FOREIGN KEY constraint failed
[2m2026-02-04T06:19:24.210121Z[0m [31mERROR[0m [2mtb_provider_market[0m[2m:[0m Quote fetch error for ETHUSDT: error returned from database: (code: 787) FOREIGN KEY constraint failed
[2m2026-02-04T06:19:24.249147Z[0m [31mERROR[0m [2mtb_provider_market[0m[2m:[0m Bars fetch error for ETHUSDT: error returned from database: (code: 787) FOREIGN KEY constraint failed
[2m2026-02-04T06:19:24.286551Z[0m [31mERROR[0m [2mtb_provider_market[0m[2m:[0m Quote fetch error for SOLUSDT: error returned from database: (code: 787) FOREIGN KEY constraint failed
[2m2026-02-04T06:19:24.325422Z[0m [31mERROR[0m [2mtb_provider_market[0m[2m:[0m Bars fetch error for SOLUSDT: error returned from database: (code: 787) FOREIGN KEY constraint failed
[2m2026-02-04T06:19:29.363995Z[0m [31mERROR[0m [2mtb_provider_market[0m[2m:[0m Quote fetch error for BTCUSDT: error returned from database: (code: 787) FOREIGN KEY constraint failed
[2m2026-02-04T06:19:29.403008Z[0m [31mERROR[0m [2mtb_provider_market[0m[2m:[0m Bars fetch error for BTCUSDT: error returned from database: (code: 787) FOREIGN KEY constraint failed
[2m2026-02-04T06:19:29.440728Z[0m [31mERROR[0m [2mtb_provider_market[0m[2m:[0m Quote fetch error for ETHUSDT: error returned from database: (code: 787) FOREIGN KEY constraint failed
[2m2026-02-04T06:19:29.479975Z[0m [31mERROR[0m [2mtb_provider_market[0m[2m:[0m Bars fetch error for ETHUSDT: error returned from database: (code: 787) FOREIGN KEY constraint failed
[2m2026-02-04T06:19:29.517029Z[0m [31mERROR[0m [2mtb_provider_market[0m[2m:[0m Quote fetch error for SOLUSDT: error returned from database: (code: 787) FOREIGN KEY constraint failed
[2m2026-02-04T06:19:29.556698Z[0m [31mERROR[0m [2mtb_provider_market[0m[2m:[0m Bars fetch error for SOLUSDT: error returned from database: (code: 787) FOREIGN KEY constraint failed
[2m2026-02-04T06:19:34.598857Z[0m [31mERROR[0m [2mtb_provider_market[0m[2m:[0m Quote fetch error for BTCUSDT: error returned from database: (code: 787) FOREIGN KEY constraint failed
[2m2026-02-04T06:19:34.638205Z[0m [31mERROR[0m [2mtb_provider_market[0m[2m:[0m Bars fetch error for BTCUSDT: error returned from database: (code: 787) FOREIGN KEY constraint failed
[2m2026-02-04T06:19:34.677314Z[0m [31mERROR[0m [2mtb_provider_market[0m[2m:[0m Quote fetch error for ETHUSDT: error returned from database: (code: 787) FOREIGN KEY constraint failed
[2m2026-02-04T06:19:34.716745Z[0m [31mERROR[0m [2mtb_provider_market[0m[2m:[0m Bars fetch error for ETHUSDT: error returned from database: (code: 787) FOREIGN KEY constraint failed
[2m2026-02-04T06:19:34.756226Z[0m [31mERROR[0m [2mtb_provider_market[0m[2m:[0m Quote fetch error for SOLUSDT: error returned from database: (code: 787) FOREIGN KEY constraint failed
[2m2026-02-04T06:19:34.796095Z[0m [31mERROR[0m [2mtb_provider_market[0m[2m:[0m Bars fetch error for SOLUSDT: error returned from database: (code: 787) FOREIGN KEY constraint failed
[2m2026-02-04T06:19:39.836083Z[0m [31mERROR[0m [2mtb_provider_market[0m[2m:[0m Quote fetch error for BTCUSDT: error returned from database: (code: 787) FOREIGN KEY constraint failed
[2m2026-02-04T06:19:39.877466Z[0m [31mERROR[0m [2mtb_provider_market[0m[2m:[0m Bars fetch error for BTCUSDT: error returned from database: (code: 787) FOREIGN KEY constraint failed
[2m2026-02-04T06:19:39.915939Z[0m [31mERROR[0m [2mtb_provider_market[0m[2m:[0m Quote fetch error for ETHUSDT: error returned from database: (code: 787) FOREIGN KEY constraint failed
[2m2026-02-04T06:19:39.956220Z[0m [31mERROR[0m [2mtb_provider_market[0m[2m:[0m Bars fetch error for ETHUSDT: error returned from database: (code: 787) FOREIGN KEY constraint failed
[2m2026-02-04T06:19:39.995651Z[0m [31mERROR[0m [2mtb_provider_market[0m[2m:[0m Quote fetch error for SOLUSDT: error returned from database: (code: 787) FOREIGN KEY constraint failed
[2m2026-02-04T06:19:40.035470Z[0m [31mERROR[0m [2mtb_provider_market[0m[2m:[0m Bars fetch error for SOLUSDT: error returned from database: (code: 787) FOREIGN KEY constraint failed
[2m2026-02-04T06:19:45.075125Z[0m [31mERROR[0m [2mtb_provider_market[0m[2m:[0m Quote fetch error for BTCUSDT: error returned from database: (code: 787) FOREIGN KEY constraint failed
[2m2026-02-04T06:19:45.114289Z[0m [31mERROR[0m [2mtb_provider_market[0m[2m:[0m Bars fetch error for BTCUSDT: error returned from database: (code: 787) FOREIGN KEY constraint failed
[2m2026-02-04T06:19:45.151735Z[0m [31mERROR[0m [2mtb_provider_market[0m[2m:[0m Quote fetch error for ETHUSDT: error returned from database: (code: 787) FOREIGN KEY constraint failed
[2m2026-02-04T06:19:45.191658Z[0m [31mERROR[0m [2mtb_provider_market[0m[2m:[0m Bars fetch error for ETHUSDT: error returned from database: (code: 787) FOREIGN KEY constraint failed
[2m2026-02-04T06:19:45.229642Z[0m [31mERROR[0m [2mtb_provider_market[0m[2m:[0m Quote fetch error for SOLUSDT: error returned from database: (code: 787) FOREIGN KEY constraint failed
[2m2026-02-04T06:19:45.269232Z[0m [31mERROR[0m [2mtb_provider_market[0m[2m:[0m Bars fetch error for SOLUSDT: error returned from database: (code: 787) FOREIGN KEY constraint failed
[2m2026-02-04T06:19:50.307909Z[0m [31mERROR[0m [2mtb_provider_market[0m[2m:[0m Quote fetch error for BTCUSDT: error returned from database: (code: 787) FOREIGN KEY constraint failed
[2m2026-02-04T06:19:50.347315Z[0m [31mERROR[0m [2mtb_provider_market[0m[2m:[0m Bars fetch error for BTCUSDT: error returned from database: (code: 787) FOREIGN KEY constraint failed
[2m2026-02-04T06:19:50.384424Z[0m [31mERROR[0m [2mtb_provider_market[0m[2m:[0m Quote fetch error for ETHUSDT: error returned from database: (code: 787) FOREIGN KEY constraint failed
[2m2026-02-04T06:19:50.423716Z[0m [31mERROR[0m [2mtb_provider_market[0m[2m:[0m Bars fetch error for ETHUSDT: error returned from database: (code: 787) FOREIGN KEY constraint failed
[2m2026-02-04T06:19:50.460877Z[0m [31mERROR[0m [2mtb_provider_market[0m[2m:[0m Quote fetch error for SOLUSDT: error returned from database: (code: 787) FOREIGN KEY constraint failed
[2m2026-02-04T06:19:50.500201Z[0m [31mERROR[0m [2mtb_provider_market[0m[2m:[0m Bars fetch error for SOLUSDT: error returned from database: (code: 787) FOREIGN KEY constraint failed
[2m2026-02-04T06:19:55.538829Z[0m [31mERROR[0m [2mtb_provider_market[0m[2m:[0m Quote fetch error for BTCUSDT: error returned from database: (code: 787) FOREIGN KEY constraint failed
[2m2026-02-04T06:19:55.577752Z[0m [31mERROR[0m [2mtb_provider_market[0m[2m:[0m Bars fetch error for BTCUSDT: error returned from database: (code: 787) FOREIGN KEY constraint failed
[2m2026-02-04T06:19:55.615298Z[0m [31mERROR[0m [2mtb_provider_market[0m[2m:[0m Quote fetch error for ETHUSDT: error returned from database: (code: 787) FOREIGN KEY constraint failed
[2m2026-02-04T06:19:55.656064Z[0m [31mERROR[0m [2mtb_provider_market[0m[2m:[0m Bars fetch error for ETHUSDT: error returned from database: (code: 787) FOREIGN KEY constraint failed
[2m2026-02-04T06:19:55.693003Z[0m [31mERROR[0m [2mtb_provider_market[0m[2m:[0m Quote fetch error for SOLUSDT: error returned from database: (code: 787) FOREIGN KEY constraint failed
[2m2026-02-04T06:19:55.732859Z[0m [31mERROR[0m [2mtb_provider_market[0m[2m:[0m Bars fetch error for SOLUSDT: error returned from database: (code: 787) FOREIGN KEY constraint failed
[2m2026-02-04T06:20:00.772430Z[0m [31mERROR[0m [2mtb_provider_market[0m[2m:[0m Quote fetch error for BTCUSDT: error returned from database: (code: 787) FOREIGN KEY constraint failed
[2m2026-02-04T06:20:00.813229Z[0m [31mERROR[0m [2mtb_provider_market[0m[2m:[0m Bars fetch error for BTCUSDT: error returned from database: (code: 787) FOREIGN KEY constraint failed
[2m2026-02-04T06:20:00.850759Z[0m [31mERROR[0m [2mtb_provider_market[0m[2m:[0m Quote fetch error for ETHUSDT: error returned from database: (code: 787) FOREIGN KEY constraint failed
[2m2026-02-04T06:20:00.890543Z[0m [31mERROR[0m [2mtb_provider_market[0m[2m:[0m Bars fetch error for ETHUSDT: error returned from database: (code: 787) FOREIGN KEY constraint failed
[2m2026-02-04T06:20:00.929018Z[0m [31mERROR[0m [2mtb_provider_market[0m[2m:[0m Quote fetch error for SOLUSDT: error returned from database: (code: 787) FOREIGN KEY constraint failed
[2m2026-02-04T06:20:00.968244Z[0m [31mERROR[0m [2mtb_provider_market[0m[2m:[0m Bars fetch error for SOLUSDT: error returned from database: (code: 787) FOREIGN KEY constraint failed
[2m2026-02-04T06:20:06.006825Z[0m [31mERROR[0m [2mtb_provider_market[0m[2m:[0m Quote fetch error for BTCUSDT: error returned from database: (code: 787) FOREIGN KEY constraint failed
[2m2026-02-04T06:20:06.046105Z[0m [31mERROR[0m [2mtb_provider_market[0m[2m:[0m Bars fetch error for BTCUSDT: error returned from database: (code: 787) FOREIGN KEY constraint failed
[2m2026-02-04T06:20:06.083207Z[0m [31mERROR[0m [2mtb_provider_market[0m[2m:[0m Quote fetch error for ETHUSDT: error returned from database: (code: 787) FOREIGN KEY constraint failed
[2m2026-02-04T06:20:06.122930Z[0m [31mERROR[0m [2mtb_provider_market[0m[2m:[0m Bars fetch error for ETHUSDT: error returned from database: (code: 787) FOREIGN KEY constraint failed
[2m2026-02-04T06:20:06.160520Z[0m [31mERROR[0m [2mtb_provider_market[0m[2m:[0m Quote fetch error for SOLUSDT: error returned from database: (code: 787) FOREIGN KEY constraint failed
[2m2026-02-04T06:20:06.199165Z[0m [31mERROR[0m [2mtb_provider_market[0m[2m:[0m Bars fetch error for SOLUSDT: error returned from database: (code: 787) FOREIGN KEY constraint failed
[2m2026-02-04T06:20:11.239825Z[0m [31mERROR[0m [2mtb_provider_market[0m[2m:[0m Quote fetch error for BTCUSDT: error returned from database: (code: 787) FOREIGN KEY constraint failed
[2m2026-02-04T06:20:11.278767Z[0m [31mERROR[0m [2mtb_provider_market[0m[2m:[0m Bars fetch error for BTCUSDT: error returned from database: (code: 787) FOREIGN KEY constraint failed
[2m2026-02-04T06:20:11.316293Z[0m [31mERROR[0m [2mtb_provider_market[0m[2m:[0m Quote fetch error for ETHUSDT: error returned from database: (code: 787) FOREIGN KEY constraint failed
[2m2026-02-04T06:20:11.354709Z[0m [31mERROR[0m [2mtb_provider_market[0m[2m:[0m Bars fetch error for ETHUSDT: error returned from database: (code: 787) FOREIGN KEY constraint failed
[2m2026-02-04T06:20:11.392104Z[0m [31mERROR[0m [2mtb_provider_market[0m[2m:[0m Quote fetch error for SOLUSDT: error returned from database: (code: 787) FOREIGN KEY constraint failed
[2m2026-02-04T06:20:11.431137Z[0m [31mERROR[0m [2mtb_provider_market[0m[2m:[0m Bars fetch error for SOLUSDT: error returned from database: (code: 787) FOREIGN KEY constraint failed
[2m2026-02-04T06:20:16.472195Z[0m [31mERROR[0m [2mtb_provider_market[0m[2m:[0m Quote fetch error for BTCUSDT: error returned from database: (code: 787) FOREIGN KEY constraint failed
[2m2026-02-04T06:20:16.513595Z[0m [31mERROR[0m [2mtb_provider_market[0m[2m:[0m Bars fetch error for BTCUSDT: error returned from database: (code: 787) FOREIGN KEY constraint failed
[2m2026-02-04T06:20:16.554753Z[0m [31mERROR[0m [2mtb_provider_market[0m[2m:[0m Quote fetch error for ETHUSDT: error returned from database: (code: 787) FOREIGN KEY constraint failed
[2m2026-02-04T06:20:16.596974Z[0m [31mERROR[0m [2mtb_provider_market[0m[2m:[0m Bars fetch error for ETHUSDT: error returned from database: (code: 787) FOREIGN KEY constraint failed
[2m2026-02-04T06:20:16.638381Z[0m [31mERROR[0m [2mtb_provider_market[0m[2m:[0m Quote fetch error for SOLUSDT: error returned from database: (code: 787) FOREIGN KEY constraint failed
[2m2026-02-04T06:20:16.680281Z[0m [31mERROR[0m [2mtb_provider_market[0m[2m:[0m Bars fetch error for SOLUSDT: error returned from database: (code: 787) FOREIGN KEY constraint failed
[2m2026-02-04T06:20:21.719344Z[0m [31mERROR[0m [2mtb_provider_market[0m[2m:[0m Quote fetch error for BTCUSDT: error returned from database: (code: 787) FOREIGN KEY constraint failed
[2m2026-02-04T06:20:21.757690Z[0m [31mERROR[0m [2mtb_provider_market[0m[2m:[0m Bars fetch error for BTCUSDT: error returned from database: (code: 787) FOREIGN KEY constraint failed
[2m2026-02-04T06:20:21.794523Z[0m [31mERROR[0m [2mtb_provider_market[0m[2m:[0m Quote fetch error for ETHUSDT: error returned from database: (code: 787) FOREIGN KEY constraint failed
[2m2026-02-04T06:20:21.833228Z[0m [31mERROR[0m [2mtb_provider_market[0m[2m:[0m Bars fetch error for ETHUSDT: error returned from database: (code: 787) FOREIGN KEY constraint failed
[2m2026-02-04T06:20:21.869622Z[0m [31mERROR[0m [2mtb_provider_market[0m[2m:[0m Quote fetch error for SOLUSDT: error returned from database: (code: 787) FOREIGN KEY constraint failed
[2m2026-02-04T06:20:21.910084Z[0m [31mERROR[0m [2mtb_provider_market[0m[2m:[0m Bars fetch error for SOLUSDT: error returned from database: (code: 787) FOREIGN KEY constraint failed
[2m2026-02-04T06:20:26.949170Z[0m [31mERROR[0m [2mtb_provider_market[0m[2m:[0m Quote fetch error for BTCUSDT: error returned from database: (code: 787) FOREIGN KEY constraint failed
[2m2026-02-04T06:20:26.987844Z[0m [31mERROR[0m [2mtb_provider_market[0m[2m:[0m Bars fetch error for BTCUSDT: error returned from database: (code: 787) FOREIGN KEY constraint failed
[2m2026-02-04T06:20:27.024710Z[0m [31mERROR[0m [2mtb_provider_market[0m[2m:[0m Quote fetch error for ETHUSDT: error returned from database: (code: 787) FOREIGN KEY constraint failed
[2m2026-02-04T06:20:27.064355Z[0m [31mERROR[0m [2mtb_provider_market[0m[2m:[0m Bars fetch error for ETHUSDT: error returned from database: (code: 787) FOREIGN KEY constraint failed
[2m2026-02-04T06:20:27.101834Z[0m [31mERROR[0m [2mtb_provider_market[0m[2m:[0m Quote fetch error for SOLUSDT: error returned from database: (code: 787) FOREIGN KEY constraint failed
[2m2026-02-04T06:20:27.142226Z[0m [31mERROR[0m [2mtb_provider_market[0m[2m:[0m Bars fetch error for SOLUSDT: error returned from database: (code: 787) FOREIGN KEY constraint failed
[2m2026-02-04T06:20:32.183017Z[0m [31mERROR[0m [2mtb_provider_market[0m[2m:[0m Quote fetch error for BTCUSDT: error returned from database: (code: 787) FOREIGN KEY constraint failed
[2m2026-02-04T06:20:32.226247Z[0m [31mERROR[0m [2mtb_provider_market[0m[2m:[0m Bars fetch error for BTCUSDT: error returned from database: (code: 787) FOREIGN KEY constraint failed
[2m2026-02-04T06:20:32.278271Z[0m [31mERROR[0m [2mtb_provider_market[0m[2m:[0m Quote fetch error for ETHUSDT: error returned from database: (code: 787) FOREIGN KEY constraint failed
[2m2026-02-04T06:20:32.322230Z[0m [31mERROR[0m [2mtb_provider_market[0m[2m:[0m Bars fetch error for ETHUSDT: error returned from database: (code: 787) FOREIGN KEY constraint failed
[2m2026-02-04T06:20:32.362187Z[0m [31mERROR[0m [2mtb_provider_market[0m[2m:[0m Quote fetch error for SOLUSDT: error returned from database: (code: 787) FOREIGN KEY constraint failed
[2m2026-02-04T06:20:32.402309Z[0m [31mERROR[0m [2mtb_provider_market[0m[2m:[0m Bars fetch error for SOLUSDT: error returned from database: (code: 787) FOREIGN KEY constraint failed
[2m2026-02-04T06:20:37.441725Z[0m [31mERROR[0m [2mtb_provider_market[0m[2m:[0m Quote fetch error for BTCUSDT: error returned from database: (code: 787) FOREIGN KEY constraint failed
[2m2026-02-04T06:20:37.481013Z[0m [31mERROR[0m [2mtb_provider_market[0m[2m:[0m Bars fetch error for BTCUSDT: error returned from database: (code: 787) FOREIGN KEY constraint failed
[2m2026-02-04T06:20:37.519230Z[0m [31mERROR[0m [2mtb_provider_market[0m[2m:[0m Quote fetch error for ETHUSDT: error returned from database: (code: 787) FOREIGN KEY constraint failed
[2m2026-02-04T06:20:37.557870Z[0m [31mERROR[0m [2mtb_provider_market[0m[2m:[0m Bars fetch error for ETHUSDT: error returned from database: (code: 787) FOREIGN KEY constraint failed
[2m2026-02-04T06:20:37.594666Z[0m [31mERROR[0m [2mtb_provider_market[0m[2m:[0m Quote fetch error for SOLUSDT: error returned from database: (code: 787) FOREIGN KEY constraint failed
[2m2026-02-04T06:20:37.633137Z[0m [31mERROR[0m [2mtb_provider_market[0m[2m:[0m Bars fetch error for SOLUSDT: error returned from database: (code: 787) FOREIGN KEY constraint failed
[2m2026-02-04T06:20:42.672948Z[0m [31mERROR[0m [2mtb_provider_market[0m[2m:[0m Quote fetch error for BTCUSDT: error returned from database: (code: 787) FOREIGN KEY constraint failed
[2m2026-02-04T06:20:42.711953Z[0m [31mERROR[0m [2mtb_provider_market[0m[2m:[0m Bars fetch error for BTCUSDT: error returned from database: (code: 787) FOREIGN KEY constraint failed
[2m2026-02-04T06:20:42.750146Z[0m [31mERROR[0m [2mtb_provider_market[0m[2m:[0m Quote fetch error for ETHUSDT: error returned from database: (code: 787) FOREIGN KEY constraint failed
[2m2026-02-04T06:20:42.790484Z[0m [31mERROR[0m [2mtb_provider_market[0m[2m:[0m Bars fetch error for ETHUSDT: error returned from database: (code: 787) FOREIGN KEY constraint failed
[2m2026-02-04T06:20:42.828064Z[0m [31mERROR[0m [2mtb_provider_market[0m[2m:[0m Quote fetch error for SOLUSDT: error returned from database: (code: 787) FOREIGN KEY constraint failed
[2m2026-02-04T06:20:42.868117Z[0m [31mERROR[0m [2mtb_provider_market[0m[2m:[0m Bars fetch error for SOLUSDT: error returned from database: (code: 787) FOREIGN KEY constraint failed
[2m2026-02-04T06:20:47.907325Z[0m [31mERROR[0m [2mtb_provider_market[0m[2m:[0m Quote fetch error for BTCUSDT: error returned from database: (code: 787) FOREIGN KEY constraint failed
[2m2026-02-04T06:20:47.946640Z[0m [31mERROR[0m [2mtb_provider_market[0m[2m:[0m Bars fetch error for BTCUSDT: error returned from database: (code: 787) FOREIGN KEY constraint failed
[2m2026-02-04T06:20:47.983669Z[0m [31mERROR[0m [2mtb_provider_market[0m[2m:[0m Quote fetch error for ETHUSDT: error returned from database: (code: 787) FOREIGN KEY constraint failed
[2m2026-02-04T06:20:48.022848Z[0m [31mERROR[0m [2mtb_provider_market[0m[2m:[0m Bars fetch error for ETHUSDT: error returned from database: (code: 787) FOREIGN KEY constraint failed
[2m2026-02-04T06:20:48.059854Z[0m [31mERROR[0m [2mtb_provider_market[0m[2m:[0m Quote fetch error for SOLUSDT: error returned from database: (code: 787) FOREIGN KEY constraint failed
[2m2026-02-04T06:20:48.099713Z[0m [31mERROR[0m [2mtb_provider_market[0m[2m:[0m Bars fetch error for SOLUSDT: error returned from database: (code: 787) FOREIGN KEY constraint failed
[2m2026-02-04T06:20:53.140153Z[0m [31mERROR[0m [2mtb_provider_market[0m[2m:[0m Quote fetch error for BTCUSDT: error returned from database: (code: 787) FOREIGN KEY constraint failed
[2m2026-02-04T06:20:53.178440Z[0m [31mERROR[0m [2mtb_provider_market[0m[2m:[0m Bars fetch error for BTCUSDT: error returned from database: (code: 787) FOREIGN KEY constraint failed
[2m2026-02-04T06:20:53.215394Z[0m [31mERROR[0m [2mtb_provider_market[0m[2m:[0m Quote fetch error for ETHUSDT: error returned from database: (code: 787) FOREIGN KEY constraint failed
[2m2026-02-04T06:20:53.254451Z[0m [31mERROR[0m [2mtb_provider_market[0m[2m:[0m Bars fetch error for ETHUSDT: error returned from database: (code: 787) FOREIGN KEY constraint failed
[2m2026-02-04T06:20:53.292224Z[0m [31mERROR[0m [2mtb_provider_market[0m[2m:[0m Quote fetch error for SOLUSDT: error returned from database: (code: 787) FOREIGN KEY constraint failed
[2m2026-02-04T06:20:53.331312Z[0m [31mERROR[0m [2mtb_provider_market[0m[2m:[0m Bars fetch error for SOLUSDT: error returned from database: (code: 787) FOREIGN KEY constraint failed
[2m2026-02-04T06:20:58.371046Z[0m [31mERROR[0m [2mtb_provider_market[0m[2m:[0m Quote fetch error for BTCUSDT: error returned from database: (code: 787) FOREIGN KEY constraint failed
[2m2026-02-04T06:20:58.412525Z[0m [31mERROR[0m [2mtb_provider_market[0m[2m:[0m Bars fetch error for BTCUSDT: error returned from database: (code: 787) FOREIGN KEY constraint failed
[2m2026-02-04T06:20:58.449936Z[0m [31mERROR[0m [2mtb_provider_market[0m[2m:[0m Quote fetch error for ETHUSDT: error returned from database: (code: 787) FOREIGN KEY constraint failed
[2m2026-02-04T06:20:58.489019Z[0m [31mERROR[0m [2mtb_provider_market[0m[2m:[0m Bars fetch error for ETHUSDT: error returned from database: (code: 787) FOREIGN KEY constraint failed
[2m2026-02-04T06:20:58.526421Z[0m [31mERROR[0m [2mtb_provider_market[0m[2m:[0m Quote fetch error for SOLUSDT: error returned from database: (code: 787) FOREIGN KEY constraint failed
[2m2026-02-04T06:20:58.565163Z[0m [31mERROR[0m [2mtb_provider_market[0m[2m:[0m Bars fetch error for SOLUSDT: error returned from database: (code: 787) FOREIGN KEY constraint failed
[2m2026-02-04T06:21:03.603248Z[0m [31mERROR[0m [2mtb_provider_market[0m[2m:[0m Quote fetch error for BTCUSDT: error returned from database: (code: 787) FOREIGN KEY constraint failed
[2m2026-02-04T06:21:03.642648Z[0m [31mERROR[0m [2mtb_provider_market[0m[2m:[0m Bars fetch error for BTCUSDT: error returned from database: (code: 787) FOREIGN KEY constraint failed
[2m2026-02-04T06:21:03.679471Z[0m [31mERROR[0m [2mtb_provider_market[0m[2m:[0m Quote fetch error for ETHUSDT: error returned from database: (code: 787) FOREIGN KEY constraint failed
[2m2026-02-04T06:21:03.718868Z[0m [31mERROR[0m [2mtb_provider_market[0m[2m:[0m Bars fetch error for ETHUSDT: error returned from database: (code: 787) FOREIGN KEY constraint failed
[2m2026-02-04T06:21:03.755433Z[0m [31mERROR[0m [2mtb_provider_market[0m[2m:[0m Quote fetch error for SOLUSDT: error returned from database: (code: 787) FOREIGN KEY constraint failed
[2m2026-02-04T06:21:03.793816Z[0m [31mERROR[0m [2mtb_provider_market[0m[2m:[0m Bars fetch error for SOLUSDT: error returned from database: (code: 787) FOREIGN KEY constraint failed
[2m2026-02-04T06:21:08.831890Z[0m [31mERROR[0m [2mtb_provider_market[0m[2m:[0m Quote fetch error for BTCUSDT: error returned from database: (code: 787) FOREIGN KEY constraint failed
[2m2026-02-04T06:21:08.870610Z[0m [31mERROR[0m [2mtb_provider_market[0m[2m:[0m Bars fetch error for BTCUSDT: error returned from database: (code: 787) FOREIGN KEY constraint failed
[2m2026-02-04T06:21:08.907683Z[0m [31mERROR[0m [2mtb_provider_market[0m[2m:[0m Quote fetch error for ETHUSDT: error returned from database: (code: 787) FOREIGN KEY constraint failed
[2m2026-02-04T06:21:08.947007Z[0m [31mERROR[0m [2mtb_provider_market[0m[2m:[0m Bars fetch error for ETHUSDT: error returned from database: (code: 787) FOREIGN KEY constraint failed
[2m2026-02-04T06:21:08.983733Z[0m [31mERROR[0m [2mtb_provider_market[0m[2m:[0m Quote fetch error for SOLUSDT: error returned from database: (code: 787) FOREIGN KEY constraint failed
[2m2026-02-04T06:21:09.023915Z[0m [31mERROR[0m [2mtb_provider_market[0m[2m:[0m Bars fetch error for SOLUSDT: error returned from database: (code: 787) FOREIGN KEY constraint failed
[2m2026-02-04T06:21:14.061895Z[0m [31mERROR[0m [2mtb_provider_market[0m[2m:[0m Quote fetch error for BTCUSDT: error returned from database: (code: 787) FOREIGN KEY constraint failed
[2m2026-02-04T06:21:14.100725Z[0m [31mERROR[0m [2mtb_provider_market[0m[2m:[0m Bars fetch error for BTCUSDT: error returned from database: (code: 787) FOREIGN KEY constraint failed
[2m2026-02-04T06:21:14.137264Z[0m [31mERROR[0m [2mtb_provider_market[0m[2m:[0m Quote fetch error for ETHUSDT: error returned from database: (code: 787) FOREIGN KEY constraint failed
[2m2026-02-04T06:21:14.176892Z[0m [31mERROR[0m [2mtb_provider_market[0m[2m:[0m Bars fetch error for ETHUSDT: error returned from database: (code: 787) FOREIGN KEY constraint failed
[2m2026-02-04T06:21:14.214109Z[0m [31mERROR[0m [2mtb_provider_market[0m[2m:[0m Quote fetch error for SOLUSDT: error returned from database: (code: 787) FOREIGN KEY constraint failed
[2m2026-02-04T06:21:14.253153Z[0m [31mERROR[0m [2mtb_provider_market[0m[2m:[0m Bars fetch error for SOLUSDT: error returned from database: (code: 787) FOREIGN KEY constraint failed
[2m2026-02-04T06:21:19.290889Z[0m [31mERROR[0m [2mtb_provider_market[0m[2m:[0m Quote fetch error for BTCUSDT: error returned from database: (code: 787) FOREIGN KEY constraint failed
[2m2026-02-04T06:21:19.330817Z[0m [31mERROR[0m [2mtb_provider_market[0m[2m:[0m Bars fetch error for BTCUSDT: error returned from database: (code: 787) FOREIGN KEY constraint failed
[2m2026-02-04T06:21:19.368559Z[0m [31mERROR[0m [2mtb_provider_market[0m[2m:[0m Quote fetch error for ETHUSDT: error returned from database: (code: 2067) UNIQUE constraint failed: symbols.provider, symbols.symbol
[2m2026-02-04T06:21:19.407489Z[0m [31mERROR[0m [2mtb_provider_market[0m[2m:[0m Bars fetch error for ETHUSDT: error returned from database: (code: 2067) UNIQUE constraint failed: symbols.provider, symbols.symbol
[2m2026-02-04T06:21:19.444113Z[0m [31mERROR[0m [2mtb_provider_market[0m[2m:[0m Quote fetch error for SOLUSDT: error returned from database: (code: 2067) UNIQUE constraint failed: symbols.provider, symbols.symbol
[2m2026-02-04T06:21:19.482616Z[0m [31mERROR[0m [2mtb_provider_market[0m[2m:[0m Bars fetch error for SOLUSDT: error returned from database: (code: 2067) UNIQUE constraint failed: symbols.provider, symbols.symbol
[2m2026-02-04T06:21:24.521152Z[0m [31mERROR[0m [2mtb_provider_market[0m[2m:[0m Quote fetch error for BTCUSDT: error returned from database: (code: 2067) UNIQUE constraint failed: symbols.provider, symbols.symbol
[2m2026-02-04T06:21:24.560719Z[0m [31mERROR[0m [2mtb_provider_market[0m[2m:[0m Bars fetch error for BTCUSDT: error returned from database: (code: 2067) UNIQUE constraint failed: symbols.provider, symbols.symbol
[2m2026-02-04T06:21:24.597732Z[0m [31mERROR[0m [2mtb_provider_market[0m[2m:[0m Quote fetch error for ETHUSDT: error returned from database: (code: 2067) UNIQUE constraint failed: symbols.provider, symbols.symbol
[2m2026-02-04T06:21:24.636730Z[0m [31mERROR[0m [2mtb_provider_market[0m[2m:[0m Bars fetch error for ETHUSDT: error returned from database: (code: 2067) UNIQUE constraint failed: symbols.provider, symbols.symbol
[2m2026-02-04T06:21:24.674179Z[0m [31mERROR[0m [2mtb_provider_market[0m[2m:[0m Quote fetch error for SOLUSDT: error returned from database: (code: 2067) UNIQUE constraint failed: symbols.provider, symbols.symbol
[2m2026-02-04T06:21:24.712625Z[0m [31mERROR[0m [2mtb_provider_market[0m[2m:[0m Bars fetch error for SOLUSDT: error returned from database: (code: 2067) UNIQUE constraint failed: symbols.provider, symbols.symbol
[2m2026-02-04T06:21:29.837328Z[0m [31mERROR[0m [2mtb_provider_market[0m[2m:[0m Quote fetch error for BTCUSDT: error returned from database: (code: 2067) UNIQUE constraint failed: symbols.provider, symbols.symbol
[2m2026-02-04T06:21:29.876488Z[0m [31mERROR[0m [2mtb_provider_market[0m[2m:[0m Bars fetch error for BTCUSDT: error returned from database: (code: 2067) UNIQUE constraint failed: symbols.provider, symbols.symbol
[2m2026-02-04T06:21:29.913930Z[0m [31mERROR[0m [2mtb_provider_market[0m[2m:[0m Quote fetch error for ETHUSDT: error returned from database: (code: 2067) UNIQUE constraint failed: symbols.provider, symbols.symbol
[2m2026-02-04T06:21:29.952844Z[0m [31mERROR[0m [2mtb_provider_market[0m[2m:[0m Bars fetch error for ETHUSDT: error returned from database: (code: 2067) UNIQUE constraint failed: symbols.provider, symbols.symbol
[2m2026-02-04T06:21:29.990264Z[0m [31mERROR[0m [2mtb_provider_market[0m[2m:[0m Quote fetch error for SOLUSDT: error returned from database: (code: 2067) UNIQUE constraint failed: symbols.provider, symbols.symbol
[2m2026-02-04T06:21:30.028528Z[0m [31mERROR[0m [2mtb_provider_market[0m[2m:[0m Bars fetch error for SOLUSDT: error returned from database: (code: 2067) UNIQUE constraint failed: symbols.provider, symbols.symbol
[2m2026-02-04T06:21:35.067131Z[0m [31mERROR[0m [2mtb_provider_market[0m[2m:[0m Quote fetch error for BTCUSDT: error returned from database: (code: 2067) UNIQUE constraint failed: symbols.provider, symbols.symbol
[2m2026-02-04T06:21:35.109034Z[0m [31mERROR[0m [2mtb_provider_market[0m[2m:[0m Bars fetch error for BTCUSDT: error returned from database: (code: 2067) UNIQUE constraint failed: symbols.provider, symbols.symbol
[2m2026-02-04T06:21:35.147315Z[0m [31mERROR[0m [2mtb_provider_market[0m[2m:[0m Quote fetch error for ETHUSDT: error returned from database: (code: 2067) UNIQUE constraint failed: symbols.provider, symbols.symbol
[2m2026-02-04T06:21:35.207314Z[0m [31mERROR[0m [2mtb_provider_market[0m[2m:[0m Bars fetch error for ETHUSDT: error returned from database: (code: 2067) UNIQUE constraint failed: symbols.provider, symbols.symbol
[2m2026-02-04T06:21:35.245990Z[0m [31mERROR[0m [2mtb_provider_market[0m[2m:[0m Quote fetch error for SOLUSDT: error returned from database: (code: 2067) UNIQUE constraint failed: symbols.provider, symbols.symbol
[2m2026-02-04T06:21:35.286341Z[0m [31mERROR[0m [2mtb_provider_market[0m[2m:[0m Bars fetch error for SOLUSDT: error returned from database: (code: 787) FOREIGN KEY constraint failed
[2m2026-02-04T06:21:40.325199Z[0m [31mERROR[0m [2mtb_provider_market[0m[2m:[0m Quote fetch error for BTCUSDT: error returned from database: (code: 787) FOREIGN KEY constraint failed
[2m2026-02-04T06:21:40.373241Z[0m [31mERROR[0m [2mtb_provider_market[0m[2m:[0m Bars fetch error for BTCUSDT: error returned from database: (code: 2067) UNIQUE constraint failed: symbols.provider, symbols.symbol
[2m2026-02-04T06:21:40.411202Z[0m [31mERROR[0m [2mtb_provider_market[0m[2m:[0m Quote fetch error for ETHUSDT: error returned from database: (code: 2067) UNIQUE constraint failed: symbols.provider, symbols.symbol
[2m2026-02-04T06:21:40.451554Z[0m [31mERROR[0m [2mtb_provider_market[0m[2m:[0m Bars fetch error for ETHUSDT: error returned from database: (code: 2067) UNIQUE constraint failed: symbols.provider, symbols.symbol
[2m2026-02-04T06:21:40.491340Z[0m [31mERROR[0m [2mtb_provider_market[0m[2m:[0m Quote fetch error for SOLUSDT: error returned from database: (code: 2067) UNIQUE constraint failed: symbols.provider, symbols.symbol
[2m2026-02-04T06:21:40.535181Z[0m [31mERROR[0m [2mtb_provider_market[0m[2m:[0m Bars fetch error for SOLUSDT: error returned from database: (code: 2067) UNIQUE constraint failed: symbols.provider, symbols.symbol
[2m2026-02-04T06:21:45.573450Z[0m [31mERROR[0m [2mtb_provider_market[0m[2m:[0m Quote fetch error for BTCUSDT: error returned from database: (code: 2067) UNIQUE constraint failed: symbols.provider, symbols.symbol
[2m2026-02-04T06:21:45.612454Z[0m [31mERROR[0m [2mtb_provider_market[0m[2m:[0m Bars fetch error for BTCUSDT: error returned from database: (code: 2067) UNIQUE constraint failed: symbols.provider, symbols.symbol
[2m2026-02-04T06:21:45.649596Z[0m [31mERROR[0m [2mtb_provider_market[0m[2m:[0m Quote fetch error for ETHUSDT: error returned from database: (code: 2067) UNIQUE constraint failed: symbols.provider, symbols.symbol
[2m2026-02-04T06:21:45.688253Z[0m [31mERROR[0m [2mtb_provider_market[0m[2m:[0m Bars fetch error for ETHUSDT: error returned from database: (code: 2067) UNIQUE constraint failed: symbols.provider, symbols.symbol
[2m2026-02-04T06:21:45.725345Z[0m [31mERROR[0m [2mtb_provider_market[0m[2m:[0m Quote fetch error for SOLUSDT: error returned from database: (code: 2067) UNIQUE constraint failed: symbols.provider, symbols.symbol
[2m2026-02-04T06:21:45.764516Z[0m [31mERROR[0m [2mtb_provider_market[0m[2m:[0m Bars fetch error for SOLUSDT: error returned from database: (code: 2067) UNIQUE constraint failed: symbols.provider, symbols.symbol
[2m2026-02-04T06:21:50.803447Z[0m [31mERROR[0m [2mtb_provider_market[0m[2m:[0m Quote fetch error for BTCUSDT: error returned from database: (code: 2067) UNIQUE constraint failed: symbols.provider, symbols.symbol
[2m2026-02-04T06:21:50.842713Z[0m [31mERROR[0m [2mtb_provider_market[0m[2m:[0m Bars fetch error for BTCUSDT: error returned from database: (code: 2067) UNIQUE constraint failed: symbols.provider, symbols.symbol
[2m2026-02-04T06:21:50.880497Z[0m [31mERROR[0m [2mtb_provider_market[0m[2m:[0m Quote fetch error for ETHUSDT: error returned from database: (code: 2067) UNIQUE constraint failed: symbols.provider, symbols.symbol
[2m2026-02-04T06:21:50.919077Z[0m [31mERROR[0m [2mtb_provider_market[0m[2m:[0m Bars fetch error for ETHUSDT: error returned from database: (code: 2067) UNIQUE constraint failed: symbols.provider, symbols.symbol
[2m2026-02-04T06:21:50.956212Z[0m [31mERROR[0m [2mtb_provider_market[0m[2m:[0m Quote fetch error for SOLUSDT: error returned from database: (code: 2067) UNIQUE constraint failed: symbols.provider, symbols.symbol
[2m2026-02-04T06:21:50.995834Z[0m [31mERROR[0m [2mtb_provider_market[0m[2m:[0m Bars fetch error for SOLUSDT: error returned from database: (code: 2067) UNIQUE constraint failed: symbols.provider, symbols.symbol
[2m2026-02-04T06:21:56.034799Z[0m [31mERROR[0m [2mtb_provider_market[0m[2m:[0m Quote fetch error for BTCUSDT: error returned from database: (code: 2067) UNIQUE constraint failed: symbols.provider, symbols.symbol
[2m2026-02-04T06:21:56.073226Z[0m [31mERROR[0m [2mtb_provider_market[0m[2m:[0m Bars fetch error for BTCUSDT: error returned from database: (code: 2067) UNIQUE constraint failed: symbols.provider, symbols.symbol
[2m2026-02-04T06:21:56.110506Z[0m [31mERROR[0m [2mtb_provider_market[0m[2m:[0m Quote fetch error for ETHUSDT: error returned from database: (code: 2067) UNIQUE constraint failed: symbols.provider, symbols.symbol
[2m2026-02-04T06:21:56.149244Z[0m [31mERROR[0m [2mtb_provider_market[0m[2m:[0m Bars fetch error for ETHUSDT: error returned from database: (code: 2067) UNIQUE constraint failed: symbols.provider, symbols.symbol
[2m2026-02-04T06:21:56.186424Z[0m [31mERROR[0m [2mtb_provider_market[0m[2m:[0m Quote fetch error for SOLUSDT: error returned from database: (code: 2067) UNIQUE constraint failed: symbols.provider, symbols.symbol
[2m2026-02-04T06:21:56.225519Z[0m [31mERROR[0m [2mtb_provider_market[0m[2m:[0m Bars fetch error for SOLUSDT: error returned from database: (code: 2067) UNIQUE constraint failed: symbols.provider, symbols.symbol
[2m2026-02-04T06:22:01.265107Z[0m [31mERROR[0m [2mtb_provider_market[0m[2m:[0m Quote fetch error for BTCUSDT: error returned from database: (code: 2067) UNIQUE constraint failed: symbols.provider, symbols.symbol
[2m2026-02-04T06:22:01.304196Z[0m [31mERROR[0m [2mtb_provider_market[0m[2m:[0m Bars fetch error for BTCUSDT: error returned from database: (code: 2067) UNIQUE constraint failed: symbols.provider, symbols.symbol
[2m2026-02-04T06:22:01.341540Z[0m [31mERROR[0m [2mtb_provider_market[0m[2m:[0m Quote fetch error for ETHUSDT: error returned from database: (code: 2067) UNIQUE constraint failed: symbols.provider, symbols.symbol
[2m2026-02-04T06:22:01.381333Z[0m [31mERROR[0m [2mtb_provider_market[0m[2m:[0m Bars fetch error for ETHUSDT: error returned from database: (code: 2067) UNIQUE constraint failed: symbols.provider, symbols.symbol
[2m2026-02-04T06:22:01.418832Z[0m [31mERROR[0m [2mtb_provider_market[0m[2m:[0m Quote fetch error for SOLUSDT: error returned from database: (code: 2067) UNIQUE constraint failed: symbols.provider, symbols.symbol
[2m2026-02-04T06:22:01.457928Z[0m [31mERROR[0m [2mtb_provider_market[0m[2m:[0m Bars fetch error for SOLUSDT: error returned from database: (code: 2067) UNIQUE constraint failed: symbols.provider, symbols.symbol
[2m2026-02-04T06:22:06.497273Z[0m [31mERROR[0m [2mtb_provider_market[0m[2m:[0m Quote fetch error for BTCUSDT: error returned from database: (code: 2067) UNIQUE constraint failed: symbols.provider, symbols.symbol
[2m2026-02-04T06:22:06.537058Z[0m [31mERROR[0m [2mtb_provider_market[0m[2m:[0m Bars fetch error for BTCUSDT: error returned from database: (code: 2067) UNIQUE constraint failed: symbols.provider, symbols.symbol
[2m2026-02-04T06:22:06.574815Z[0m [31mERROR[0m [2mtb_provider_market[0m[2m:[0m Quote fetch error for ETHUSDT: error returned from database: (code: 2067) UNIQUE constraint failed: symbols.provider, symbols.symbol
[2m2026-02-04T06:22:06.614200Z[0m [31mERROR[0m [2mtb_provider_market[0m[2m:[0m Bars fetch error for ETHUSDT: error returned from database: (code: 2067) UNIQUE constraint failed: symbols.provider, symbols.symbol
[2m2026-02-04T06:22:06.650905Z[0m [31mERROR[0m [2mtb_provider_market[0m[2m:[0m Quote fetch error for SOLUSDT: error returned from database: (code: 2067) UNIQUE constraint failed: symbols.provider, symbols.symbol
[2m2026-02-04T06:22:06.689681Z[0m [31mERROR[0m [2mtb_provider_market[0m[2m:[0m Bars fetch error for SOLUSDT: error returned from database: (code: 2067) UNIQUE constraint failed: symbols.provider, symbols.symbol
[2m2026-02-04T06:22:11.734476Z[0m [31mERROR[0m [2mtb_provider_market[0m[2m:[0m Quote fetch error for BTCUSDT: error returned from database: (code: 2067) UNIQUE constraint failed: symbols.provider, symbols.symbol
[2m2026-02-04T06:22:11.775263Z[0m [31mERROR[0m [2mtb_provider_market[0m[2m:[0m Bars fetch error for BTCUSDT: error returned from database: (code: 2067) UNIQUE constraint failed: symbols.provider, symbols.symbol
[2m2026-02-04T06:22:11.813410Z[0m [31mERROR[0m [2mtb_provider_market[0m[2m:[0m Quote fetch error for ETHUSDT: error returned from database: (code: 2067) UNIQUE constraint failed: symbols.provider, symbols.symbol
[2m2026-02-04T06:22:11.854220Z[0m [31mERROR[0m [2mtb_provider_market[0m[2m:[0m Bars fetch error for ETHUSDT: error returned from database: (code: 2067) UNIQUE constraint failed: symbols.provider, symbols.symbol
[2m2026-02-04T06:22:11.892804Z[0m [31mERROR[0m [2mtb_provider_market[0m[2m:[0m Quote fetch error for SOLUSDT: error returned from database: (code: 2067) UNIQUE constraint failed: symbols.provider, symbols.symbol
[2m2026-02-04T06:22:11.932908Z[0m [31mERROR[0m [2mtb_provider_market[0m[2m:[0m Bars fetch error for SOLUSDT: error returned from database: (code: 2067) UNIQUE constraint failed: symbols.provider, symbols.symbol
[2m2026-02-04T06:22:16.973241Z[0m [31mERROR[0m [2mtb_provider_market[0m[2m:[0m Quote fetch error for BTCUSDT: error returned from database: (code: 2067) UNIQUE constraint failed: symbols.provider, symbols.symbol
[2m2026-02-04T06:22:17.014701Z[0m [31mERROR[0m [2mtb_provider_market[0m[2m:[0m Bars fetch error for BTCUSDT: error returned from database: (code: 2067) UNIQUE constraint failed: symbols.provider, symbols.symbol
[2m2026-02-04T06:22:17.053225Z[0m [31mERROR[0m [2mtb_provider_market[0m[2m:[0m Quote fetch error for ETHUSDT: error returned from database: (code: 2067) UNIQUE constraint failed: symbols.provider, symbols.symbol
[2m2026-02-04T06:22:17.093974Z[0m [31mERROR[0m [2mtb_provider_market[0m[2m:[0m Bars fetch error for ETHUSDT: error returned from database: (code: 2067) UNIQUE constraint failed: symbols.provider, symbols.symbol
[2m2026-02-04T06:22:17.132013Z[0m [31mERROR[0m [2mtb_provider_market[0m[2m:[0m Quote fetch error for SOLUSDT: error returned from database: (code: 2067) UNIQUE constraint failed: symbols.provider, symbols.symbol
[2m2026-02-04T06:22:17.171793Z[0m [31mERROR[0m [2mtb_provider_market[0m[2m:[0m Bars fetch error for SOLUSDT: error returned from database: (code: 2067) UNIQUE constraint failed: symbols.provider, symbols.symbol
[2m2026-02-04T06:22:22.212377Z[0m [31mERROR[0m [2mtb_provider_market[0m[2m:[0m Quote fetch error for BTCUSDT: error returned from database: (code: 2067) UNIQUE constraint failed: symbols.provider, symbols.symbol
[2m2026-02-04T06:22:22.251805Z[0m [31mERROR[0m [2mtb_provider_market[0m[2m:[0m Bars fetch error for BTCUSDT: error returned from database: (code: 2067) UNIQUE constraint failed: symbols.provider, symbols.symbol
[2m2026-02-04T06:22:22.289643Z[0m [31mERROR[0m [2mtb_provider_market[0m[2m:[0m Quote fetch error for ETHUSDT: error returned from database: (code: 2067) UNIQUE constraint failed: symbols.provider, symbols.symbol
[2m2026-02-04T06:22:22.329997Z[0m [31mERROR[0m [2mtb_provider_market[0m[2m:[0m Bars fetch error for ETHUSDT: error returned from database: (code: 2067) UNIQUE constraint failed: symbols.provider, symbols.symbol
[2m2026-02-04T06:22:22.367936Z[0m [31mERROR[0m [2mtb_provider_market[0m[2m:[0m Quote fetch error for SOLUSDT: error returned from database: (code: 2067) UNIQUE constraint failed: symbols.provider, symbols.symbol
[2m2026-02-04T06:22:22.407578Z[0m [31mERROR[0m [2mtb_provider_market[0m[2m:[0m Bars fetch error for SOLUSDT: error returned from database: (code: 2067) UNIQUE constraint failed: symbols.provider, symbols.symbol
[2m2026-02-04T06:22:27.445653Z[0m [31mERROR[0m [2mtb_provider_market[0m[2m:[0m Quote fetch error for BTCUSDT: error returned from database: (code: 2067) UNIQUE constraint failed: symbols.provider, symbols.symbol
[2m2026-02-04T06:22:27.484595Z[0m [31mERROR[0m [2mtb_provider_market[0m[2m:[0m Bars fetch error for BTCUSDT: error returned from database: (code: 2067) UNIQUE constraint failed: symbols.provider, symbols.symbol
[2m2026-02-04T06:22:27.522363Z[0m [31mERROR[0m [2mtb_provider_market[0m[2m:[0m Quote fetch error for ETHUSDT: error returned from database: (code: 2067) UNIQUE constraint failed: symbols.provider, symbols.symbol
[2m2026-02-04T06:22:27.560845Z[0m [31mERROR[0m [2mtb_provider_market[0m[2m:[0m Bars fetch error for ETHUSDT: error returned from database: (code: 2067) UNIQUE constraint failed: symbols.provider, symbols.symbol
[2m2026-02-04T06:22:27.597923Z[0m [31mERROR[0m [2mtb_provider_market[0m[2m:[0m Quote fetch error for SOLUSDT: error returned from database: (code: 2067) UNIQUE constraint failed: symbols.provider, symbols.symbol
[2m2026-02-04T06:22:27.636459Z[0m [31mERROR[0m [2mtb_provider_market[0m[2m:[0m Bars fetch error for SOLUSDT: error returned from database: (code: 2067) UNIQUE constraint failed: symbols.provider, symbols.symbol
[2m2026-02-04T06:22:32.675909Z[0m [31mERROR[0m [2mtb_provider_market[0m[2m:[0m Quote fetch error for BTCUSDT: error returned from database: (code: 2067) UNIQUE constraint failed: symbols.provider, symbols.symbol
[2m2026-02-04T06:22:32.714318Z[0m [31mERROR[0m [2mtb_provider_market[0m[2m:[0m Bars fetch error for BTCUSDT: error returned from database: (code: 2067) UNIQUE constraint failed: symbols.provider, symbols.symbol
[2m2026-02-04T06:22:32.751636Z[0m [31mERROR[0m [2mtb_provider_market[0m[2m:[0m Quote fetch error for ETHUSDT: error returned from database: (code: 2067) UNIQUE constraint failed: symbols.provider, symbols.symbol
[2m2026-02-04T06:22:32.790477Z[0m [31mERROR[0m [2mtb_provider_market[0m[2m:[0m Bars fetch error for ETHUSDT: error returned from database: (code: 2067) UNIQUE constraint failed: symbols.provider, symbols.symbol
[2m2026-02-04T06:22:32.827140Z[0m [31mERROR[0m [2mtb_provider_market[0m[2m:[0m Quote fetch error for SOLUSDT: error returned from database: (code: 2067) UNIQUE constraint failed: symbols.provider, symbols.symbol
[2m2026-02-04T06:22:32.867131Z[0m [31mERROR[0m [2mtb_provider_market[0m[2m:[0m Bars fetch error for SOLUSDT: error returned from database: (code: 2067) UNIQUE constraint failed: symbols.provider, symbols.symbol
[2m2026-02-04T06:22:37.905506Z[0m [31mERROR[0m [2mtb_provider_market[0m[2m:[0m Quote fetch error for BTCUSDT: error returned from database: (code: 2067) UNIQUE constraint failed: symbols.provider, symbols.symbol
[2m2026-02-04T06:22:37.944826Z[0m [31mERROR[0m [2mtb_provider_market[0m[2m:[0m Bars fetch error for BTCUSDT: error returned from database: (code: 2067) UNIQUE constraint failed: symbols.provider, symbols.symbol
[2m2026-02-04T06:22:37.982092Z[0m [31mERROR[0m [2mtb_provider_market[0m[2m:[0m Quote fetch error for ETHUSDT: error returned from database: (code: 2067) UNIQUE constraint failed: symbols.provider, symbols.symbol
[2m2026-02-04T06:22:38.020856Z[0m [31mERROR[0m [2mtb_provider_market[0m[2m:[0m Bars fetch error for ETHUSDT: error returned from database: (code: 2067) UNIQUE constraint failed: symbols.provider, symbols.symbol
[2m2026-02-04T06:22:38.058505Z[0m [31mERROR[0m [2mtb_provider_market[0m[2m:[0m Quote fetch error for SOLUSDT: error returned from database: (code: 2067) UNIQUE constraint failed: symbols.provider, symbols.symbol
[2m2026-02-04T06:22:38.097265Z[0m [31mERROR[0m [2mtb_provider_market[0m[2m:[0m Bars fetch error for SOLUSDT: error returned from database: (code: 2067) UNIQUE constraint failed: symbols.provider, symbols.symbol
[2m2026-02-04T06:22:43.135328Z[0m [31mERROR[0m [2mtb_provider_market[0m[2m:[0m Quote fetch error for BTCUSDT: error returned from database: (code: 2067) UNIQUE constraint failed: symbols.provider, symbols.symbol
[2m2026-02-04T06:22:43.173174Z[0m [31mERROR[0m [2mtb_provider_market[0m[2m:[0m Bars fetch error for BTCUSDT: error returned from database: (code: 2067) UNIQUE constraint failed: symbols.provider, symbols.symbol
[2m2026-02-04T06:22:43.209804Z[0m [31mERROR[0m [2mtb_provider_market[0m[2m:[0m Quote fetch error for ETHUSDT: error returned from database: (code: 2067) UNIQUE constraint failed: symbols.provider, symbols.symbol
[2m2026-02-04T06:22:43.248988Z[0m [31mERROR[0m [2mtb_provider_market[0m[2m:[0m Bars fetch error for ETHUSDT: error returned from database: (code: 2067) UNIQUE constraint failed: symbols.provider, symbols.symbol
[2m2026-02-04T06:22:43.285908Z[0m [31mERROR[0m [2mtb_provider_market[0m[2m:[0m Quote fetch error for SOLUSDT: error returned from database: (code: 2067) UNIQUE constraint failed: symbols.provider, symbols.symbol
[2m2026-02-04T06:22:43.324861Z[0m [31mERROR[0m [2mtb_provider_market[0m[2m:[0m Bars fetch error for SOLUSDT: error returned from database: (code: 2067) UNIQUE constraint failed: symbols.provider, symbols.symbol
[2m2026-02-04T06:22:48.364597Z[0m [31mERROR[0m [2mtb_provider_market[0m[2m:[0m Quote fetch error for BTCUSDT: error returned from database: (code: 2067) UNIQUE constraint failed: symbols.provider, symbols.symbol
[2m2026-02-04T06:22:48.403757Z[0m [31mERROR[0m [2mtb_provider_market[0m[2m:[0m Bars fetch error for BTCUSDT: error returned from database: (code: 2067) UNIQUE constraint failed: symbols.provider, symbols.symbol
[2m2026-02-04T06:22:48.441055Z[0m [31mERROR[0m [2mtb_provider_market[0m[2m:[0m Quote fetch error for ETHUSDT: error returned from database: (code: 2067) UNIQUE constraint failed: symbols.provider, symbols.symbol
[2m2026-02-04T06:22:48.480111Z[0m [31mERROR[0m [2mtb_provider_market[0m[2m:[0m Bars fetch error for ETHUSDT: error returned from database: (code: 2067) UNIQUE constraint failed: symbols.provider, symbols.symbol
[2m2026-02-04T06:22:48.745393Z[0m [31mERROR[0m [2mtb_provider_market[0m[2m:[0m Quote fetch error for SOLUSDT: error returned from database: (code: 2067) UNIQUE constraint failed: symbols.provider, symbols.symbol
[2m2026-02-04T06:22:48.784242Z[0m [31mERROR[0m [2mtb_provider_market[0m[2m:[0m Bars fetch error for SOLUSDT: error returned from database: (code: 2067) UNIQUE constraint failed: symbols.provider, symbols.symbol
[2m2026-02-04T06:22:53.822605Z[0m [31mERROR[0m [2mtb_provider_market[0m[2m:[0m Quote fetch error for BTCUSDT: error returned from database: (code: 2067) UNIQUE constraint failed: symbols.provider, symbols.symbol
[2m2026-02-04T06:22:53.861462Z[0m [31mERROR[0m [2mtb_provider_market[0m[2m:[0m Bars fetch error for BTCUSDT: error returned from database: (code: 2067) UNIQUE constraint failed: symbols.provider, symbols.symbol
[2m2026-02-04T06:22:53.898626Z[0m [31mERROR[0m [2mtb_provider_market[0m[2m:[0m Quote fetch error for ETHUSDT: error returned from database: (code: 2067) UNIQUE constraint failed: symbols.provider, symbols.symbol
[2m2026-02-04T06:22:53.937061Z[0m [31mERROR[0m [2mtb_provider_market[0m[2m:[0m Bars fetch error for ETHUSDT: error returned from database: (code: 2067) UNIQUE constraint failed: symbols.provider, symbols.symbol
[2m2026-02-04T06:22:53.973746Z[0m [31mERROR[0m [2mtb_provider_market[0m[2m:[0m Quote fetch error for SOLUSDT: error returned from database: (code: 2067) UNIQUE constraint failed: symbols.provider, symbols.symbol
[2m2026-02-04T06:22:54.012570Z[0m [31mERROR[0m [2mtb_provider_market[0m[2m:[0m Bars fetch error for SOLUSDT: error returned from database: (code: 2067) UNIQUE constraint failed: symbols.provider, symbols.symbol
[2m2026-02-04T06:22:59.051034Z[0m [31mERROR[0m [2mtb_provider_market[0m[2m:[0m Quote fetch error for BTCUSDT: error returned from database: (code: 2067) UNIQUE constraint failed: symbols.provider, symbols.symbol
[2m2026-02-04T06:22:59.090090Z[0m [31mERROR[0m [2mtb_provider_market[0m[2m:[0m Bars fetch error for BTCUSDT: error returned from database: (code: 2067) UNIQUE constraint failed: symbols.provider, symbols.symbol
[2m2026-02-04T06:22:59.127291Z[0m [31mERROR[0m [2mtb_provider_market[0m[2m:[0m Quote fetch error for ETHUSDT: error returned from database: (code: 2067) UNIQUE constraint failed: symbols.provider, symbols.symbol
[2m2026-02-04T06:22:59.166273Z[0m [31mERROR[0m [2mtb_provider_market[0m[2m:[0m Bars fetch error for ETHUSDT: error returned from database: (code: 2067) UNIQUE constraint failed: symbols.provider, symbols.symbol
[2m2026-02-04T06:22:59.204795Z[0m [31mERROR[0m [2mtb_provider_market[0m[2m:[0m Quote fetch error for SOLUSDT: error returned from database: (code: 2067) UNIQUE constraint failed: symbols.provider, symbols.symbol
[2m2026-02-04T06:22:59.245681Z[0m [31mERROR[0m [2mtb_provider_market[0m[2m:[0m Bars fetch error for SOLUSDT: error returned from database: (code: 2067) UNIQUE constraint failed: symbols.provider, symbols.symbol
[2m2026-02-04T06:23:04.284258Z[0m [31mERROR[0m [2mtb_provider_market[0m[2m:[0m Quote fetch error for BTCUSDT: error returned from database: (code: 2067) UNIQUE constraint failed: symbols.provider, symbols.symbol
[2m2026-02-04T06:23:04.323070Z[0m [31mERROR[0m [2mtb_provider_market[0m[2m:[0m Bars fetch error for BTCUSDT: error returned from database: (code: 2067) UNIQUE constraint failed: symbols.provider, symbols.symbol
[2m2026-02-04T06:23:04.360281Z[0m [31mERROR[0m [2mtb_provider_market[0m[2m:[0m Quote fetch error for ETHUSDT: error returned from database: (code: 2067) UNIQUE constraint failed: symbols.provider, symbols.symbol
[2m2026-02-04T06:23:04.398460Z[0m [31mERROR[0m [2mtb_provider_market[0m[2m:[0m Bars fetch error for ETHUSDT: error returned from database: (code: 2067) UNIQUE constraint failed: symbols.provider, symbols.symbol
[2m2026-02-04T06:23:04.435311Z[0m [31mERROR[0m [2mtb_provider_market[0m[2m:[0m Quote fetch error for SOLUSDT: error returned from database: (code: 2067) UNIQUE constraint failed: symbols.provider, symbols.symbol
[2m2026-02-04T06:23:04.474233Z[0m [31mERROR[0m [2mtb_provider_market[0m[2m:[0m Bars fetch error for SOLUSDT: error returned from database: (code: 2067) UNIQUE constraint failed: symbols.provider, symbols.symbol
[2m2026-02-04T06:23:09.512397Z[0m [31mERROR[0m [2mtb_provider_market[0m[2m:[0m Quote fetch error for BTCUSDT: error returned from database: (code: 2067) UNIQUE constraint failed: symbols.provider, symbols.symbol
[2m2026-02-04T06:23:09.551357Z[0m [31mERROR[0m [2mtb_provider_market[0m[2m:[0m Bars fetch error for BTCUSDT: error returned from database: (code: 2067) UNIQUE constraint failed: symbols.provider, symbols.symbol
[2m2026-02-04T06:23:09.590779Z[0m [31mERROR[0m [2mtb_provider_market[0m[2m:[0m Quote fetch error for ETHUSDT: error returned from database: (code: 2067) UNIQUE constraint failed: symbols.provider, symbols.symbol
[2m2026-02-04T06:23:09.629319Z[0m [31mERROR[0m [2mtb_provider_market[0m[2m:[0m Bars fetch error for ETHUSDT: error returned from database: (code: 2067) UNIQUE constraint failed: symbols.provider, symbols.symbol
[2m2026-02-04T06:23:09.666264Z[0m [31mERROR[0m [2mtb_provider_market[0m[2m:[0m Quote fetch error for SOLUSDT: error returned from database: (code: 2067) UNIQUE constraint failed: symbols.provider, symbols.symbol
[2m2026-02-04T06:23:09.705565Z[0m [31mERROR[0m [2mtb_provider_market[0m[2m:[0m Bars fetch error for SOLUSDT: error returned from database: (code: 2067) UNIQUE constraint failed: symbols.provider, symbols.symbol
[2m2026-02-04T06:23:14.743942Z[0m [31mERROR[0m [2mtb_provider_market[0m[2m:[0m Quote fetch error for BTCUSDT: error returned from database: (code: 2067) UNIQUE constraint failed: symbols.provider, symbols.symbol
[2m2026-02-04T06:23:14.783293Z[0m [31mERROR[0m [2mtb_provider_market[0m[2m:[0m Bars fetch error for BTCUSDT: error returned from database: (code: 2067) UNIQUE constraint failed: symbols.provider, symbols.symbol
[2m2026-02-04T06:23:14.835479Z[0m [31mERROR[0m [2mtb_provider_market[0m[2m:[0m Quote fetch error for ETHUSDT: error returned from database: (code: 2067) UNIQUE constraint failed: symbols.provider, symbols.symbol
[2m2026-02-04T06:23:14.874478Z[0m [31mERROR[0m [2mtb_provider_market[0m[2m:[0m Bars fetch error for ETHUSDT: error returned from database: (code: 2067) UNIQUE constraint failed: symbols.provider, symbols.symbol
[2m2026-02-04T06:23:14.911377Z[0m [31mERROR[0m [2mtb_provider_market[0m[2m:[0m Quote fetch error for SOLUSDT: error returned from database: (code: 2067) UNIQUE constraint failed: symbols.provider, symbols.symbol
[2m2026-02-04T06:23:14.950021Z[0m [31mERROR[0m [2mtb_provider_market[0m[2m:[0m Bars fetch error for SOLUSDT: error returned from database: (code: 2067) UNIQUE constraint failed: symbols.provider, symbols.symbol
[2m2026-02-04T06:23:19.989370Z[0m [31mERROR[0m [2mtb_provider_market[0m[2m:[0m Quote fetch error for BTCUSDT: error returned from database: (code: 2067) UNIQUE constraint failed: symbols.provider, symbols.symbol
[2m2026-02-04T06:23:20.028879Z[0m [31mERROR[0m [2mtb_provider_market[0m[2m:[0m Bars fetch error for BTCUSDT: error returned from database: (code: 2067) UNIQUE constraint failed: symbols.provider, symbols.symbol
[2m2026-02-04T06:23:20.065316Z[0m [31mERROR[0m [2mtb_provider_market[0m[2m:[0m Quote fetch error for ETHUSDT: error returned from database: (code: 2067) UNIQUE constraint failed: symbols.provider, symbols.symbol
[2m2026-02-04T06:23:20.103973Z[0m [31mERROR[0m [2mtb_provider_market[0m[2m:[0m Bars fetch error for ETHUSDT: error returned from database: (code: 2067) UNIQUE constraint failed: symbols.provider, symbols.symbol
[2m2026-02-04T06:23:20.140559Z[0m [31mERROR[0m [2mtb_provider_market[0m[2m:[0m Quote fetch error for SOLUSDT: error returned from database: (code: 2067) UNIQUE constraint failed: symbols.provider, symbols.symbol
[2m2026-02-04T06:23:20.179255Z[0m [31mERROR[0m [2mtb_provider_market[0m[2m:[0m Bars fetch error for SOLUSDT: error returned from database: (code: 2067) UNIQUE constraint failed: symbols.provider, symbols.symbol
[2m2026-02-04T06:23:25.217654Z[0m [31mERROR[0m [2mtb_provider_market[0m[2m:[0m Quote fetch error for BTCUSDT: error returned from database: (code: 2067) UNIQUE constraint failed: symbols.provider, symbols.symbol
[2m2026-02-04T06:23:25.256659Z[0m [31mERROR[0m [2mtb_provider_market[0m[2m:[0m Bars fetch error for BTCUSDT: error returned from database: (code: 2067) UNIQUE constraint failed: symbols.provider, symbols.symbol
[2m2026-02-04T06:23:25.293242Z[0m [31mERROR[0m [2mtb_provider_market[0m[2m:[0m Quote fetch error for ETHUSDT: error returned from database: (code: 2067) UNIQUE constraint failed: symbols.provider, symbols.symbol
[2m2026-02-04T06:23:25.331545Z[0m [31mERROR[0m [2mtb_provider_market[0m[2m:[0m Bars fetch error for ETHUSDT: error returned from database: (code: 2067) UNIQUE constraint failed: symbols.provider, symbols.symbol
[2m2026-02-04T06:23:25.368041Z[0m [31mERROR[0m [2mtb_provider_market[0m[2m:[0m Quote fetch error for SOLUSDT: error returned from database: (code: 2067) UNIQUE constraint failed: symbols.provider, symbols.symbol
[2m2026-02-04T06:23:25.406805Z[0m [31mERROR[0m [2mtb_provider_market[0m[2m:[0m Bars fetch error for SOLUSDT: error returned from database: (code: 2067) UNIQUE constraint failed: symbols.provider, symbols.symbol
[2m2026-02-04T06:23:30.454737Z[0m [31mERROR[0m [2mtb_provider_market[0m[2m:[0m Quote fetch error for BTCUSDT: error returned from database: (code: 2067) UNIQUE constraint failed: symbols.provider, symbols.symbol
[2m2026-02-04T06:23:30.512467Z[0m [31mERROR[0m [2mtb_provider_market[0m[2m:[0m Bars fetch error for BTCUSDT: error returned from database: (code: 2067) UNIQUE constraint failed: symbols.provider, symbols.symbol
[2m2026-02-04T06:23:30.549519Z[0m [31mERROR[0m [2mtb_provider_market[0m[2m:[0m Quote fetch error for ETHUSDT: error returned from database: (code: 2067) UNIQUE constraint failed: symbols.provider, symbols.symbol
[2m2026-02-04T06:23:30.588728Z[0m [31mERROR[0m [2mtb_provider_market[0m[2m:[0m Bars fetch error for ETHUSDT: error returned from database: (code: 2067) UNIQUE constraint failed: symbols.provider, symbols.symbol
[2m2026-02-04T06:23:30.625447Z[0m [31mERROR[0m [2mtb_provider_market[0m[2m:[0m Quote fetch error for SOLUSDT: error returned from database: (code: 2067) UNIQUE constraint failed: symbols.provider, symbols.symbol
[2m2026-02-04T06:23:30.664093Z[0m [31mERROR[0m [2mtb_provider_market[0m[2m:[0m Bars fetch error for SOLUSDT: error returned from database: (code: 2067) UNIQUE constraint failed: symbols.provider, symbols.symbol
[2m2026-02-04T06:23:35.704029Z[0m [31mERROR[0m [2mtb_provider_market[0m[2m:[0m Quote fetch error for BTCUSDT: error returned from database: (code: 2067) UNIQUE constraint failed: symbols.provider, symbols.symbol
[2m2026-02-04T06:23:35.749439Z[0m [31mERROR[0m [2mtb_provider_market[0m[2m:[0m Bars fetch error for BTCUSDT: error returned from database: (code: 2067) UNIQUE constraint failed: symbols.provider, symbols.symbol
[2m2026-02-04T06:23:35.787777Z[0m [31mERROR[0m [2mtb_provider_market[0m[2m:[0m Quote fetch error for ETHUSDT: error returned from database: (code: 2067) UNIQUE constraint failed: symbols.provider, symbols.symbol
[2m2026-02-04T06:23:35.861830Z[0m [31mERROR[0m [2mtb_provider_market[0m[2m:[0m Bars fetch error for ETHUSDT: error returned from database: (code: 2067) UNIQUE constraint failed: symbols.provider, symbols.symbol
[2m2026-02-04T06:23:35.913369Z[0m [31mERROR[0m [2mtb_provider_market[0m[2m:[0m Quote fetch error for SOLUSDT: error returned from database: (code: 2067) UNIQUE constraint failed: symbols.provider, symbols.symbol
[2m2026-02-04T06:23:35.954244Z[0m [31mERROR[0m [2mtb_provider_market[0m[2m:[0m Bars fetch error for SOLUSDT: error returned from database: (code: 2067) UNIQUE constraint failed: symbols.provider, symbols.symbol
[2m2026-02-04T06:23:40.993607Z[0m [31mERROR[0m [2mtb_provider_market[0m[2m:[0m Quote fetch error for BTCUSDT: error returned from database: (code: 2067) UNIQUE constraint failed: symbols.provider, symbols.symbol
[2m2026-02-04T06:23:41.032265Z[0m [31mERROR[0m [2mtb_provider_market[0m[2m:[0m Bars fetch error for BTCUSDT: error returned from database: (code: 2067) UNIQUE constraint failed: symbols.provider, symbols.symbol
[2m2026-02-04T06:23:41.068915Z[0m [31mERROR[0m [2mtb_provider_market[0m[2m:[0m Quote fetch error for ETHUSDT: error returned from database: (code: 2067) UNIQUE constraint failed: symbols.provider, symbols.symbol
[2m2026-02-04T06:23:41.108085Z[0m [31mERROR[0m [2mtb_provider_market[0m[2m:[0m Bars fetch error for ETHUSDT: error returned from database: (code: 2067) UNIQUE constraint failed: symbols.provider, symbols.symbol
[2m2026-02-04T06:23:41.145002Z[0m [31mERROR[0m [2mtb_provider_market[0m[2m:[0m Quote fetch error for SOLUSDT: error returned from database: (code: 2067) UNIQUE constraint failed: symbols.provider, symbols.symbol
[2m2026-02-04T06:23:41.183477Z[0m [31mERROR[0m [2mtb_provider_market[0m[2m:[0m Bars fetch error for SOLUSDT: error returned from database: (code: 2067) UNIQUE constraint failed: symbols.provider, symbols.symbol
[2m2026-02-04T06:23:46.221951Z[0m [31mERROR[0m [2mtb_provider_market[0m[2m:[0m Quote fetch error for BTCUSDT: error returned from database: (code: 2067) UNIQUE constraint failed: symbols.provider, symbols.symbol
[2m2026-02-04T06:23:46.261600Z[0m [31mERROR[0m [2mtb_provider_market[0m[2m:[0m Bars fetch error for BTCUSDT: error returned from database: (code: 2067) UNIQUE constraint failed: symbols.provider, symbols.symbol
[2m2026-02-04T06:23:46.298465Z[0m [31mERROR[0m [2mtb_provider_market[0m[2m:[0m Quote fetch error for ETHUSDT: error returned from database: (code: 2067) UNIQUE constraint failed: symbols.provider, symbols.symbol
[2m2026-02-04T06:23:46.337246Z[0m [31mERROR[0m [2mtb_provider_market[0m[2m:[0m Bars fetch error for ETHUSDT: error returned from database: (code: 2067) UNIQUE constraint failed: symbols.provider, symbols.symbol
[2m2026-02-04T06:23:46.374555Z[0m [31mERROR[0m [2mtb_provider_market[0m[2m:[0m Quote fetch error for SOLUSDT: error returned from database: (code: 2067) UNIQUE constraint failed: symbols.provider, symbols.symbol
[2m2026-02-04T06:23:46.413382Z[0m [31mERROR[0m [2mtb_provider_market[0m[2m:[0m Bars fetch error for SOLUSDT: error returned from database: (code: 2067) UNIQUE constraint failed: symbols.provider, symbols.symbol
[2m2026-02-04T06:23:51.452006Z[0m [31mERROR[0m [2mtb_provider_market[0m[2m:[0m Quote fetch error for BTCUSDT: error returned from database: (code: 2067) UNIQUE constraint failed: symbols.provider, symbols.symbol
[2m2026-02-04T06:23:51.490574Z[0m [31mERROR[0m [2mtb_provider_market[0m[2m:[0m Bars fetch error for BTCUSDT: error returned from database: (code: 2067) UNIQUE constraint failed: symbols.provider, symbols.symbol
[2m2026-02-04T06:23:51.527908Z[0m [31mERROR[0m [2mtb_provider_market[0m[2m:[0m Quote fetch error for ETHUSDT: error returned from database: (code: 2067) UNIQUE constraint failed: symbols.provider, symbols.symbol
[2m2026-02-04T06:23:51.567255Z[0m [31mERROR[0m [2mtb_provider_market[0m[2m:[0m Bars fetch error for ETHUSDT: error returned from database: (code: 2067) UNIQUE constraint failed: symbols.provider, symbols.symbol
[2m2026-02-04T06:23:51.604848Z[0m [31mERROR[0m [2mtb_provider_market[0m[2m:[0m Quote fetch error for SOLUSDT: error returned from database: (code: 2067) UNIQUE constraint failed: symbols.provider, symbols.symbol
[2m2026-02-04T06:23:51.644260Z[0m [31mERROR[0m [2mtb_provider_market[0m[2m:[0m Bars fetch error for SOLUSDT: error returned from database: (code: 2067) UNIQUE constraint failed: symbols.provider, symbols.symbol
[2m2026-02-04T06:23:56.683214Z[0m [31mERROR[0m [2mtb_provider_market[0m[2m:[0m Quote fetch error for BTCUSDT: error returned from database: (code: 2067) UNIQUE constraint failed: symbols.provider, symbols.symbol
[2m2026-02-04T06:23:56.722481Z[0m [31mERROR[0m [2mtb_provider_market[0m[2m:[0m Bars fetch error for BTCUSDT: error returned from database: (code: 2067) UNIQUE constraint failed: symbols.provider, symbols.symbol
[2m2026-02-04T06:23:56.759376Z[0m [31mERROR[0m [2mtb_provider_market[0m[2m:[0m Quote fetch error for ETHUSDT: error returned from database: (code: 2067) UNIQUE constraint failed: symbols.provider, symbols.symbol
[2m2026-02-04T06:23:56.798619Z[0m [31mERROR[0m [2mtb_provider_market[0m[2m:[0m Bars fetch error for ETHUSDT: error returned from database: (code: 2067) UNIQUE constraint failed: symbols.provider, symbols.symbol
[2m2026-02-04T06:23:56.835821Z[0m [31mERROR[0m [2mtb_provider_market[0m[2m:[0m Quote fetch error for SOLUSDT: error returned from database: (code: 2067) UNIQUE constraint failed: symbols.provider, symbols.symbol
[2m2026-02-04T06:23:56.875736Z[0m [31mERROR[0m [2mtb_provider_market[0m[2m:[0m Bars fetch error for SOLUSDT: error returned from database: (code: 2067) UNIQUE constraint failed: symbols.provider, symbols.symbol
[2m2026-02-04T06:24:01.915380Z[0m [31mERROR[0m [2mtb_provider_market[0m[2m:[0m Quote fetch error for BTCUSDT: error returned from database: (code: 2067) UNIQUE constraint failed: symbols.provider, symbols.symbol
[2m2026-02-04T06:24:01.954361Z[0m [31mERROR[0m [2mtb_provider_market[0m[2m:[0m Bars fetch error for BTCUSDT: error returned from database: (code: 2067) UNIQUE constraint failed: symbols.provider, symbols.symbol
[2m2026-02-04T06:24:01.992483Z[0m [31mERROR[0m [2mtb_provider_market[0m[2m:[0m Quote fetch error for ETHUSDT: error returned from database: (code: 2067) UNIQUE constraint failed: symbols.provider, symbols.symbol
[2m2026-02-04T06:24:02.031183Z[0m [31mERROR[0m [2mtb_provider_market[0m[2m:[0m Bars fetch error for ETHUSDT: error returned from database: (code: 2067) UNIQUE constraint failed: symbols.provider, symbols.symbol
[2m2026-02-04T06:24:02.069548Z[0m [31mERROR[0m [2mtb_provider_market[0m[2m:[0m Quote fetch error for SOLUSDT: error returned from database: (code: 2067) UNIQUE constraint failed: symbols.provider, symbols.symbol
[2m2026-02-04T06:24:02.108919Z[0m [31mERROR[0m [2mtb_provider_market[0m[2m:[0m Bars fetch error for SOLUSDT: error returned from database: (code: 2067) UNIQUE constraint failed: symbols.provider, symbols.symbol
[2m2026-02-04T06:24:07.146419Z[0m [31mERROR[0m [2mtb_provider_market[0m[2m:[0m Quote fetch error for BTCUSDT: error returned from database: (code: 2067) UNIQUE constraint failed: symbols.provider, symbols.symbol
[2m2026-02-04T06:24:07.185095Z[0m [31mERROR[0m [2mtb_provider_market[0m[2m:[0m Bars fetch error for BTCUSDT: error returned from database: (code: 2067) UNIQUE constraint failed: symbols.provider, symbols.symbol
[2m2026-02-04T06:24:07.222538Z[0m [31mERROR[0m [2mtb_provider_market[0m[2m:[0m Quote fetch error for ETHUSDT: error returned from database: (code: 2067) UNIQUE constraint failed: symbols.provider, symbols.symbol
[2m2026-02-04T06:24:07.262935Z[0m [31mERROR[0m [2mtb_provider_market[0m[2m:[0m Bars fetch error for ETHUSDT: error returned from database: (code: 2067) UNIQUE constraint failed: symbols.provider, symbols.symbol
[2m2026-02-04T06:24:07.299235Z[0m [31mERROR[0m [2mtb_provider_market[0m[2m:[0m Quote fetch error for SOLUSDT: error returned from database: (code: 2067) UNIQUE constraint failed: symbols.provider, symbols.symbol
[2m2026-02-04T06:24:07.337436Z[0m [31mERROR[0m [2mtb_provider_market[0m[2m:[0m Bars fetch error for SOLUSDT: error returned from database: (code: 2067) UNIQUE constraint failed: symbols.provider, symbols.symbol
[2m2026-02-04T06:24:12.376086Z[0m [31mERROR[0m [2mtb_provider_market[0m[2m:[0m Quote fetch error for BTCUSDT: error returned from database: (code: 2067) UNIQUE constraint failed: symbols.provider, symbols.symbol
[2m2026-02-04T06:24:12.415403Z[0m [31mERROR[0m [2mtb_provider_market[0m[2m:[0m Bars fetch error for BTCUSDT: error returned from database: (code: 2067) UNIQUE constraint failed: symbols.provider, symbols.symbol
[2m2026-02-04T06:24:12.452495Z[0m [31mERROR[0m [2mtb_provider_market[0m[2m:[0m Quote fetch error for ETHUSDT: error returned from database: (code: 2067) UNIQUE constraint failed: symbols.provider, symbols.symbol
[2m2026-02-04T06:24:12.491257Z[0m [31mERROR[0m [2mtb_provider_market[0m[2m:[0m Bars fetch error for ETHUSDT: error returned from database: (code: 2067) UNIQUE constraint failed: symbols.provider, symbols.symbol
[2m2026-02-04T06:24:12.528233Z[0m [31mERROR[0m [2mtb_provider_market[0m[2m:[0m Quote fetch error for SOLUSDT: error returned from database: (code: 2067) UNIQUE constraint failed: symbols.provider, symbols.symbol
[2m2026-02-04T06:24:12.567331Z[0m [31mERROR[0m [2mtb_provider_market[0m[2m:[0m Bars fetch error for SOLUSDT: error returned from database: (code: 2067) UNIQUE constraint failed: symbols.provider, symbols.symbol
[2m2026-02-04T06:24:17.605869Z[0m [31mERROR[0m [2mtb_provider_market[0m[2m:[0m Quote fetch error for BTCUSDT: error returned from database: (code: 2067) UNIQUE constraint failed: symbols.provider, symbols.symbol
[2m2026-02-04T06:24:17.645213Z[0m [31mERROR[0m [2mtb_provider_market[0m[2m:[0m Bars fetch error for BTCUSDT: error returned from database: (code: 2067) UNIQUE constraint failed: symbols.provider, symbols.symbol
[2m2026-02-04T06:24:17.684789Z[0m [31mERROR[0m [2mtb_provider_market[0m[2m:[0m Quote fetch error for ETHUSDT: error returned from database: (code: 2067) UNIQUE constraint failed: symbols.provider, symbols.symbol
[2m2026-02-04T06:24:17.725714Z[0m [31mERROR[0m [2mtb_provider_market[0m[2m:[0m Bars fetch error for ETHUSDT: error returned from database: (code: 2067) UNIQUE constraint failed: symbols.provider, symbols.symbol
[2m2026-02-04T06:24:17.763701Z[0m [31mERROR[0m [2mtb_provider_market[0m[2m:[0m Quote fetch error for SOLUSDT: error returned from database: (code: 2067) UNIQUE constraint failed: symbols.provider, symbols.symbol
[2m2026-02-04T06:24:17.803126Z[0m [31mERROR[0m [2mtb_provider_market[0m[2m:[0m Bars fetch error for SOLUSDT: error returned from database: (code: 2067) UNIQUE constraint failed: symbols.provider, symbols.symbol
[2m2026-02-04T06:24:22.845092Z[0m [31mERROR[0m [2mtb_provider_market[0m[2m:[0m Quote fetch error for BTCUSDT: error returned from database: (code: 2067) UNIQUE constraint failed: symbols.provider, symbols.symbol
[2m2026-02-04T06:24:22.889346Z[0m [31mERROR[0m [2mtb_provider_market[0m[2m:[0m Bars fetch error for BTCUSDT: error returned from database: (code: 2067) UNIQUE constraint failed: symbols.provider, symbols.symbol
[2m2026-02-04T06:24:22.930558Z[0m [31mERROR[0m [2mtb_provider_market[0m[2m:[0m Quote fetch error for ETHUSDT: error returned from database: (code: 2067) UNIQUE constraint failed: symbols.provider, symbols.symbol
[2m2026-02-04T06:24:22.972190Z[0m [31mERROR[0m [2mtb_provider_market[0m[2m:[0m Bars fetch error for ETHUSDT: error returned from database: (code: 2067) UNIQUE constraint failed: symbols.provider, symbols.symbol
[2m2026-02-04T06:24:23.012200Z[0m [31mERROR[0m [2mtb_provider_market[0m[2m:[0m Quote fetch error for SOLUSDT: error returned from database: (code: 2067) UNIQUE constraint failed: symbols.provider, symbols.symbol
[2m2026-02-04T06:24:23.053012Z[0m [31mERROR[0m [2mtb_provider_market[0m[2m:[0m Bars fetch error for SOLUSDT: error returned from database: (code: 2067) UNIQUE constraint failed: symbols.provider, symbols.symbol
[2m2026-02-04T06:24:28.091447Z[0m [31mERROR[0m [2mtb_provider_market[0m[2m:[0m Quote fetch error for BTCUSDT: error returned from database: (code: 2067) UNIQUE constraint failed: symbols.provider, symbols.symbol
[2m2026-02-04T06:24:28.130363Z[0m [31mERROR[0m [2mtb_provider_market[0m[2m:[0m Bars fetch error for BTCUSDT: error returned from database: (code: 2067) UNIQUE constraint failed: symbols.provider, symbols.symbol
[2m2026-02-04T06:24:28.168034Z[0m [31mERROR[0m [2mtb_provider_market[0m[2m:[0m Quote fetch error for ETHUSDT: error returned from database: (code: 2067) UNIQUE constraint failed: symbols.provider, symbols.symbol
[2m2026-02-04T06:24:28.206938Z[0m [31mERROR[0m [2mtb_provider_market[0m[2m:[0m Bars fetch error for ETHUSDT: error returned from database: (code: 2067) UNIQUE constraint failed: symbols.provider, symbols.symbol
[2m2026-02-04T06:24:28.244415Z[0m [31mERROR[0m [2mtb_provider_market[0m[2m:[0m Quote fetch error for SOLUSDT: error returned from database: (code: 2067) UNIQUE constraint failed: symbols.provider, symbols.symbol
[2m2026-02-04T06:24:28.283779Z[0m [31mERROR[0m [2mtb_provider_market[0m[2m:[0m Bars fetch error for SOLUSDT: error returned from database: (code: 2067) UNIQUE constraint failed: symbols.provider, symbols.symbol
[2m2026-02-04T06:24:33.324406Z[0m [31mERROR[0m [2mtb_provider_market[0m[2m:[0m Quote fetch error for BTCUSDT: error returned from database: (code: 2067) UNIQUE constraint failed: symbols.provider, symbols.symbol
[2m2026-02-04T06:24:33.364688Z[0m [31mERROR[0m [2mtb_provider_market[0m[2m:[0m Bars fetch error for BTCUSDT: error returned from database: (code: 2067) UNIQUE constraint failed: symbols.provider, symbols.symbol
[2m2026-02-04T06:24:33.401366Z[0m [31mERROR[0m [2mtb_provider_market[0m[2m:[0m Quote fetch error for ETHUSDT: error returned from database: (code: 2067) UNIQUE constraint failed: symbols.provider, symbols.symbol
[2m2026-02-04T06:24:33.439612Z[0m [31mERROR[0m [2mtb_provider_market[0m[2m:[0m Bars fetch error for ETHUSDT: error returned from database: (code: 2067) UNIQUE constraint failed: symbols.provider, symbols.symbol
[2m2026-02-04T06:24:33.476152Z[0m [31mERROR[0m [2mtb_provider_market[0m[2m:[0m Quote fetch error for SOLUSDT: error returned from database: (code: 2067) UNIQUE constraint failed: symbols.provider, symbols.symbol
[2m2026-02-04T06:24:33.515050Z[0m [31mERROR[0m [2mtb_provider_market[0m[2m:[0m Bars fetch error for SOLUSDT: error returned from database: (code: 2067) UNIQUE constraint failed: symbols.provider, symbols.symbol
[2m2026-02-04T06:24:38.554186Z[0m [31mERROR[0m [2mtb_provider_market[0m[2m:[0m Quote fetch error for BTCUSDT: error returned from database: (code: 2067) UNIQUE constraint failed: symbols.provider, symbols.symbol
[2m2026-02-04T06:24:38.593085Z[0m [31mERROR[0m [2mtb_provider_market[0m[2m:[0m Bars fetch error for BTCUSDT: error returned from database: (code: 2067) UNIQUE constraint failed: symbols.provider, symbols.symbol
[2m2026-02-04T06:24:38.630895Z[0m [31mERROR[0m [2mtb_provider_market[0m[2m:[0m Quote fetch error for ETHUSDT: error returned from database: (code: 2067) UNIQUE constraint failed: symbols.provider, symbols.symbol
[2m2026-02-04T06:24:38.670278Z[0m [31mERROR[0m [2mtb_provider_market[0m[2m:[0m Bars fetch error for ETHUSDT: error returned from database: (code: 2067) UNIQUE constraint failed: symbols.provider, symbols.symbol
[2m2026-02-04T06:24:38.707350Z[0m [31mERROR[0m [2mtb_provider_market[0m[2m:[0m Quote fetch error for SOLUSDT: error returned from database: (code: 2067) UNIQUE constraint failed: symbols.provider, symbols.symbol
[2m2026-02-04T06:24:38.746976Z[0m [31mERROR[0m [2mtb_provider_market[0m[2m:[0m Bars fetch error for SOLUSDT: error returned from database: (code: 2067) UNIQUE constraint failed: symbols.provider, symbols.symbol
[2m2026-02-04T06:24:43.785371Z[0m [31mERROR[0m [2mtb_provider_market[0m[2m:[0m Quote fetch error for BTCUSDT: error returned from database: (code: 2067) UNIQUE constraint failed: symbols.provider, symbols.symbol
[2m2026-02-04T06:24:43.824536Z[0m [31mERROR[0m [2mtb_provider_market[0m[2m:[0m Bars fetch error for BTCUSDT: error returned from database: (code: 2067) UNIQUE constraint failed: symbols.provider, symbols.symbol
[2m2026-02-04T06:24:43.861979Z[0m [31mERROR[0m [2mtb_provider_market[0m[2m:[0m Quote fetch error for ETHUSDT: error returned from database: (code: 2067) UNIQUE constraint failed: symbols.provider, symbols.symbol
[2m2026-02-04T06:24:43.900867Z[0m [31mERROR[0m [2mtb_provider_market[0m[2m:[0m Bars fetch error for ETHUSDT: error returned from database: (code: 2067) UNIQUE constraint failed: symbols.provider, symbols.symbol
[2m2026-02-04T06:24:43.937533Z[0m [31mERROR[0m [2mtb_provider_market[0m[2m:[0m Quote fetch error for SOLUSDT: error returned from database: (code: 2067) UNIQUE constraint failed: symbols.provider, symbols.symbol
[2m2026-02-04T06:24:43.977678Z[0m [31mERROR[0m [2mtb_provider_market[0m[2m:[0m Bars fetch error for SOLUSDT: error returned from database: (code: 2067) UNIQUE constraint failed: symbols.provider, symbols.symbol
